seq,requested_external_userid,id,emp_id,external_userid,union_id,user_id,source,status,create_time
1,wmW_OgDwAAuIM86zkSnB4mGJHmuzM-Eg,9659486,2501,wmW_OgDwAAuIM86zkSnB4mGJHmuzM-Eg,oNGxt5wkOU-rp1zdRRk7qBtrfofw,3147460,1,0,2025-09-05 17:49:31
2,wmW_OgDwAA7n7bY7f5RtnaRCR0fOQy5w,13698810,4782,wmW_OgDwAA7n7bY7f5RtnaRCR0fOQy5w,oNGxt56IN9gpEBEjfHD-MXf-fDmw,3148741,1,0,2026-04-18 17:12:03
3,wmW_OgDwAArllbyIa7SZmGZKmdD5eI7w,14294451,5148,wmW_OgDwAArllbyIa7SZmGZKmdD5eI7w,oNGxt57hDtmruD8QYaWBlqL1IKh0,3196149,1,0,2026-06-05 15:59:13
4,wmW_OgDwAAVZCL74e9txr8R3R5qsacLg,14363365,5472,wmW_OgDwAAVZCL74e9txr8R3R5qsacLg,oNGxt55n_ZgoGDus1mR90L0jMYWc,1998739,1,0,2026-06-08 14:09:37
5,wmW_OgDwAANsUFwk0mkLjFORBV7sf37A,13270483,2811,wmW_OgDwAANsUFwk0mkLjFORBV7sf37A,oNGxt59t0qnJF_5KwLuQi2HL5yUc,2613604,1,0,2026-03-18 22:24:31
6,wmW_OgDwAAj5v7rGOGOdkVLNEGMGcQdA,13308398,2501,wmW_OgDwAAj5v7rGOGOdkVLNEGMGcQdA,oNGxt59qcexrO44nwOqH4uiGGfDE,3095298,1,0,2026-03-20 14:51:33
7,wmW_OgDwAAFWHQGEDAWbkXXEoulhHAxQ,14249332,2684,wmW_OgDwAAFWHQGEDAWbkXXEoulhHAxQ,oNGxt51EoO6Szv1suRxkTNYHcRbA,583002,1,0,2026-06-03 13:58:47
8,wmW_OgDwAArwqW0l0YdjO_wEGiC101Jw,13308470,2501,wmW_OgDwAArwqW0l0YdjO_wEGiC101Jw,oNGxt56x8ioXH6QefJiy5HFHBkxI,2024472,1,0,2026-03-20 14:51:33
9,wmW_OgDwAAQz950euCSqi7XMCHZ_20Eg,14280936,1857,wmW_OgDwAAQz950euCSqi7XMCHZ_20Eg,oNGxt58XZCAeyvw6cAHxrPiKsZqY,3035330,1,0,2026-06-04 20:27:45
10,wmW_OgDwAAQdMDDFLPXgSmDzCrjZHxTA,14297817,5148,wmW_OgDwAAQdMDDFLPXgSmDzCrjZHxTA,oNGxt5x3KNj1PVLXUKTRLdswAzT4,3110990,1,0,2026-06-05 16:25:53
11,wmW_OgDwAAR1HGX4XdufbI0n2tLZTk5g,13308611,2501,wmW_OgDwAAR1HGX4XdufbI0n2tLZTk5g,oNGxt55TGv45A_bUtsirIUeVJE30,3086982,1,0,2026-03-20 14:51:33
12,wmW_OgDwAAJBpSE4nuJ_7r2oxSD-3QmQ,14299040,3612,wmW_OgDwAAJBpSE4nuJ_7r2oxSD-3QmQ,oNGxt507dL6Lye6gqC1suKuw3n84,3098335,1,0,2026-06-05 17:08:27
13,wmW_OgDwAA64qpHWTfTI1_pL60LmlK1A,13308735,2501,wmW_OgDwAA64qpHWTfTI1_pL60LmlK1A,oNGxt52WLUPXTBxEyVev3b58ZKc0,3099665,1,0,2026-03-20 14:51:33
14,wmW_OgDwAAczcq7Ows9htpdEWiLLQ5KA,13392369,2505,wmW_OgDwAAczcq7Ows9htpdEWiLLQ5KA,oNGxt51obBqP2i-JYTDdWF4ZMNz8,3069674,1,0,2026-03-24 20:18:23
15,wmW_OgDwAAtDuJa6tZaB6AHa4x_q9Vqw,14380341,4781,wmW_OgDwAAtDuJa6tZaB6AHa4x_q9Vqw,oNGxt5yVBCCSqKfWt-5QAZDmbs3c,3128422,1,0,2026-06-09 16:23:37
16,wmW_OgDwAAWhDCjMTAXpcwlgUMYv5uuQ,14273663,1857,wmW_OgDwAAWhDCjMTAXpcwlgUMYv5uuQ,oNGxt58WEkfxdZ-Z9eVsR22SbleE,3095849,1,0,2026-06-04 19:28:34
17,wmW_OgDwAAOvF2RwxfaTEmTDuH44T_7Q,14295321,5148,wmW_OgDwAAOvF2RwxfaTEmTDuH44T_7Q,oNGxt50FCEIdpi78dEFD0227gJJ4,3130269,1,0,2026-06-05 16:04:39
18,wmW_OgDwAAr0hJXx9QGyswkDVlvBEcPw,14292687,5148,wmW_OgDwAAr0hJXx9QGyswkDVlvBEcPw,oNGxt5w7lXsK2gomXhDaTOhTlBrc,3030666,1,0,2026-06-05 15:46:33
19,wmW_OgDwAAvp5mjceiLRA2wmOa975jrQ,14380228,4781,wmW_OgDwAAvp5mjceiLRA2wmOa975jrQ,oNGxt561rZQnKOotBG9ouRAc4eC8,3129494,1,0,2026-06-09 16:22:49
20,wmW_OgDwAA-sG9zvrDG9CQSlu2sjME_w,13308478,2501,wmW_OgDwAA-sG9zvrDG9CQSlu2sjME_w,oNGxt581d-m2wcfFhzlpH7FTXSZY,3122680,1,0,2026-03-20 14:51:33
21,wmW_OgDwAAu0rPHic6QXENJpfIQIrmSg,13308633,2501,wmW_OgDwAAu0rPHic6QXENJpfIQIrmSg,oNGxt5yNyNtf6zwBYniLuFAy_yAE,3103323,1,0,2026-03-20 14:51:33
22,wmW_OgDwAAUkcRtSsAfAQz-4tSq0K7vQ,14294067,5148,wmW_OgDwAAUkcRtSsAfAQz-4tSq0K7vQ,oNGxt53HCCgKdGWy54qS61MWc7Qo,3141500,1,0,2026-06-05 15:57:05
23,wmW_OgDwAAWuDcOyyP6VPLLyUaJfU6Xw,13067322,4781,wmW_OgDwAAWuDcOyyP6VPLLyUaJfU6Xw,oNGxt5_pjkjOh9F1_rBZeTlAZcSY,3177062,1,0,2026-03-10 14:15:53
24,wmW_OgDwAAtOFrj5474GohsY9LwulQ0A,14280434,1982,wmW_OgDwAAtOFrj5474GohsY9LwulQ0A,oNGxt527O-27J392Dhzv1qHTIC8s,3100580,1,0,2026-06-04 20:23:35
25,wmW_OgDwAApNltJ-MmNduyr5cVb4iqrQ,14383969,4781,wmW_OgDwAApNltJ-MmNduyr5cVb4iqrQ,oNGxt53_AN7jFNa44w7zOIUiXdJM,3134427,1,0,2026-06-09 16:33:25
26,wmW_OgDwAAwuuokZM1uGAcPm5VUzsUsg,14212767,4772,wmW_OgDwAAwuuokZM1uGAcPm5VUzsUsg,oNGxt5ye6kYvTH5uv6sV1WrH4qkw,3032266,1,0,2026-05-29 20:15:27
27,wmW_OgDwAAu2D3G2ZAPqWY5ZpxCm9Ppw,13564344,3971,wmW_OgDwAAu2D3G2ZAPqWY5ZpxCm9Ppw,oNGxt55XTPyC1SuwRrvzD-YrQEDk,3141046,1,0,2026-04-11 19:00:37
28,wmW_OgDwAA-jgKhfVVotnq9ZwEJlGcpg,13676443,4864,wmW_OgDwAA-jgKhfVVotnq9ZwEJlGcpg,oNGxt5wLMF4D3YhizvFsuV1f0QM4,3142284,1,0,2026-04-16 18:20:43
29,wmW_OgDwAA9aatnWJ1kKrR4u88_t-t1A,13501005,2684,wmW_OgDwAA9aatnWJ1kKrR4u88_t-t1A,oNGxt54TwwGJM1BytSjUnHIymyUw,3289230,1,0,2026-04-07 14:42:35
30,wmW_OgDwAAW4ab-M0gPr6U6QOfj_S6FA,13308517,2501,wmW_OgDwAAW4ab-M0gPr6U6QOfj_S6FA,oNGxt5y3WsptbR6ydr6fQLfurBVY,3085562,1,0,2026-03-20 14:51:33
31,wmW_OgDwAAEX09yc3Rfgp_WJgXiu62RA,13308774,2501,wmW_OgDwAAEX09yc3Rfgp_WJgXiu62RA,oNGxt53KFvjlLFMX92GrjWNtmHGA,3123037,1,0,2026-03-20 14:51:33
32,wmW_OgDwAA3aO8Pz8xGCT9wAOTph7ApA,14384249,4781,wmW_OgDwAA3aO8Pz8xGCT9wAOTph7ApA,oNGxt55gyQApJqz-BkztJFQe2vaQ,3088191,1,0,2026-06-09 16:33:54
33,wmW_OgDwAACmGZ_5DEFJ8YdrJfda67rA,14383349,4864,wmW_OgDwAACmGZ_5DEFJ8YdrJfda67rA,oNGxt5yYlGWQdsDT4EIshnBR_l3k,3158764,1,0,2026-06-09 16:32:06
34,wmW_OgDwAAJ9mD-62NoRy4jYwBRjxvGw,13308559,2501,wmW_OgDwAAJ9mD-62NoRy4jYwBRjxvGw,oNGxt5yC3-Z6akxBHyD63yD4Rp_0,3128738,1,0,2026-03-20 14:51:33
35,wmW_OgDwAAQ1zfdaHoQ0Vou_sVjnRK9g,13308668,2501,wmW_OgDwAAQ1zfdaHoQ0Vou_sVjnRK9g,oNGxt50iDEVJKPNJCPl8w95rtHJ0,3225305,1,0,2026-03-20 14:51:33
36,wmW_OgDwAA0iwjCl9k2tu32_67X6iV9g,13308892,2501,wmW_OgDwAA0iwjCl9k2tu32_67X6iV9g,oNGxt533p5iO-pBw1mg48szOOOsI,3124564,1,0,2026-03-20 14:51:33
37,wmW_OgDwAAy10jO3fYTv3VO5aO4abjzg,13308512,2501,wmW_OgDwAAy10jO3fYTv3VO5aO4abjzg,oNGxt56b5N6OumUR7w-axgIgBLxE,3077930,1,0,2026-03-20 14:51:33
38,wmW_OgDwAA_ys-L9183pYSm2q2SqxOhw,14380477,4781,wmW_OgDwAA_ys-L9183pYSm2q2SqxOhw,oNGxt56042B7IMw0GUXZG6nvWK_U,3124272,1,0,2026-06-09 16:24:27
39,wmW_OgDwAArj3629wcqb8qqpzUBRvflg,14294172,5148,wmW_OgDwAArj3629wcqb8qqpzUBRvflg,oNGxt57WyWmsydiEnCJ1aOEkMH8w,3102191,1,0,2026-06-05 15:57:48
40,wmW_OgDwAAQEp5TeCLsQGW1uputSlwqw,13308823,2501,wmW_OgDwAAQEp5TeCLsQGW1uputSlwqw,oNGxt5y961ZwYdV81CwtKYbtZ__4,3114325,1,0,2026-03-20 14:51:33
41,wmW_OgDwAAqAN1VyZowLNNH5tfJL8z_Q,13308725,2501,wmW_OgDwAAqAN1VyZowLNNH5tfJL8z_Q,oNGxt5w0PUXCekPn0jhpqIeERsQg,3124656,1,0,2026-03-20 14:51:33
42,wmW_OgDwAA7qHAQK906ybcM7VaXTwxiw,14283729,1982,wmW_OgDwAA7qHAQK906ybcM7VaXTwxiw,oNGxt54FUrEAi7cEDbdgSeaKCrzk,3096136,1,0,2026-06-04 20:53:35
43,wmW_OgDwAA9-CugeUISrku9bvCQO5WdQ,14385106,4864,wmW_OgDwAA9-CugeUISrku9bvCQO5WdQ,oNGxt53iIy0XUJvnkQw-qWjUaCUA,2894468,1,0,2026-06-09 16:35:31
44,wmW_OgDwAAdObkFa-ASwx4ECPfjy6P5g,14293866,5148,wmW_OgDwAAdObkFa-ASwx4ECPfjy6P5g,oNGxt52SDU8Zqcl0HrjG6MdxxWJA,3097122,1,0,2026-06-05 15:55:37
45,wmW_OgDwAAfP4XB5-MEQ1x9REDD27YTQ,13308606,2501,wmW_OgDwAAfP4XB5-MEQ1x9REDD27YTQ,oNGxt5xi6H3p-CSbkr0HN_4TWq28,3094853,1,0,2026-03-20 14:51:33
46,wmW_OgDwAAV5O2uIt7K_mXlTRlnwt7bQ,13736643,1857,wmW_OgDwAAV5O2uIt7K_mXlTRlnwt7bQ,oNGxt5_LZsaXu8BnNcN-ucQJ3hwM,3141020,1,0,2026-04-21 16:11:07
47,wmW_OgDwAAmmtI9tlZF8fwUT42066vvw,13308869,2501,wmW_OgDwAAmmtI9tlZF8fwUT42066vvw,oNGxt55xaAclev0yutchIJ5WOysQ,3102371,1,0,2026-03-20 14:51:33
48,wmW_OgDwAAJVNNxx24gdvXVofZEUhpcg,13308727,2501,wmW_OgDwAAJVNNxx24gdvXVofZEUhpcg,oNGxt5x-fNok30UpraOYEE02Quqk,3035719,1,0,2026-03-20 14:51:33
49,wmW_OgDwAA1T7Cpj3Y47aKRrYModSP4w,14264920,1857,wmW_OgDwAA1T7Cpj3Y47aKRrYModSP4w,oNGxt50ZN2fnaxsmXVHs5QLu4t5o,3093103,1,0,2026-06-04 16:58:41
50,wmW_OgDwAAIlBg1VUSCwGD6wudv9OIfw,14296371,5148,wmW_OgDwAAIlBg1VUSCwGD6wudv9OIfw,oNGxt5-I4Nj2iHwWJliSbu3ck9-g,3129063,1,0,2026-06-05 16:12:17
51,wmW_OgDwAAkr1qWTv9m508xqzdgkpx3A,13308426,2501,wmW_OgDwAAkr1qWTv9m508xqzdgkpx3A,oNGxt52kavWzR5M-D9VrlSwRZsHo,3122350,1,0,2026-03-20 14:51:33
52,wmW_OgDwAAWMsi2ugCcMdFvqx4lMqfzQ,14296797,5148,wmW_OgDwAAWMsi2ugCcMdFvqx4lMqfzQ,oNGxt5xdmbuz8SYZVSqwakQ7gO8A,3100069,1,0,2026-06-05 16:15:29
53,wmW_OgDwAAtbOZAZ-zSv5p2SfT7qynLQ,13308579,2501,wmW_OgDwAAtbOZAZ-zSv5p2SfT7qynLQ,oNGxt56eoGBCaathMvpkiVkiJcD0,3094426,1,0,2026-03-20 14:51:33
54,wmW_OgDwAAmclzIqJkAii7hlmQRoKp6g,13364123,2687,wmW_OgDwAAmclzIqJkAii7hlmQRoKp6g,oNGxt50jDJI9SJZUJT-M1j_0ffgw,3096305,1,0,2026-03-22 12:43:43
55,wmW_OgDwAAhwXUJrfk5ivcztLr0OmVUA,13308848,2501,wmW_OgDwAAhwXUJrfk5ivcztLr0OmVUA,oNGxt5-fPaIzt1qaJ0VnaAS7Q88s,3114934,1,0,2026-03-20 14:51:33
56,wmW_OgDwAAr6lNrCE060X3hi-Re-QGMw,14297086,5148,wmW_OgDwAAr6lNrCE060X3hi-Re-QGMw,oNGxt5wcPR94zq54Bq2fdP2ub-FY,3126495,1,0,2026-06-05 16:17:46
57,wmW_OgDwAAJ41_VXppqqFAJ0MzA7J0Eg,13635162,3250,wmW_OgDwAAJ41_VXppqqFAJ0MzA7J0Eg,oNGxt5-Qj04Og16BbrX-2X_KAV20,3123083,1,0,2026-04-16 15:28:21
58,wmW_OgDwAADmEWQKg4aQ9ZUfLAfaEnXw,13308939,2501,wmW_OgDwAADmEWQKg4aQ9ZUfLAfaEnXw,oNGxt520bQ_yrUc9heyhRwva-puA,3136610,1,0,2026-03-20 14:51:33
59,wmW_OgDwAAT0hTNudLb-fUgJdQZNYNyg,9807177,3582,wmW_OgDwAAT0hTNudLb-fUgJdQZNYNyg,oNGxt53XpSMMVKyws3-cTzYDDgqU,3141264,1,0,2025-09-16 18:50:44
60,wmW_OgDwAAYxk3L481jVclpKcQZ2VugQ,13069471,4781,wmW_OgDwAAYxk3L481jVclpKcQZ2VugQ,oNGxt54cepcU2Z9P-hjP_97woJhs,3174815,1,0,2026-03-10 14:31:39
61,wmW_OgDwAAQOG_RnQMpowhAIBnIqjnSw,14273303,1982,wmW_OgDwAAQOG_RnQMpowhAIBnIqjnSw,oNGxt57AqyaWoKa6JMsOHmsYuh5Y,3137669,1,0,2026-06-04 19:25:39
62,wmW_OgDwAAaUshDjj8VDzRNcetN1D4Bg,9659322,2410,wmW_OgDwAAaUshDjj8VDzRNcetN1D4Bg,oNGxt57vMXfYFrSPhbBYUzpJDaaw,3140547,1,0,2025-09-05 17:47:28
63,wmW_OgDwAAfGA770St-Wjwwd84-CbDgw,14277844,1982,wmW_OgDwAAfGA770St-Wjwwd84-CbDgw,oNGxt5ylLORE2-ro3lwb8wIkiy0Q,362414,1,0,2026-06-04 20:02:45
64,wmW_OgDwAALJ6k7WmRjxPBCNbwgMAmTg,14297655,5148,wmW_OgDwAALJ6k7WmRjxPBCNbwgMAmTg,oNGxt57cFaYOgJTEG3ScE129Sv50,3121595,1,0,2026-06-05 16:24:03
65,wmW_OgDwAAg3DdEmdt18hBb4dkevqbfA,11966681,3659,wmW_OgDwAAg3DdEmdt18hBb4dkevqbfA,oNGxt58bq6iRK_qdejH5CQeFqsBw,2577544,1,0,2025-12-31 18:56:55
66,wmW_OgDwAAxzgExOZgiblqmFNNYERjew,14212771,4772,wmW_OgDwAAxzgExOZgiblqmFNNYERjew,oNGxt54MIvgpXHINaHaFpdBfrxTo,2018242,1,0,2026-05-29 20:15:27
67,wmW_OgDwAA71R8LeXSFT8H73qGt8jMtg,14295955,5148,wmW_OgDwAA71R8LeXSFT8H73qGt8jMtg,oNGxt59OoMLHhY85mrN1w8aJcmxE,3137844,1,0,2026-06-05 16:09:16
68,wmW_OgDwAAGn8OO7AVQqE6gWxw5pGa1Q,11087276,3832,wmW_OgDwAAGn8OO7AVQqE6gWxw5pGa1Q,oNGxt5xjnOvQCR_XqbYS3chMjyXg,3069543,1,0,2025-11-19 16:45:10
69,wmW_OgDwAAQlJY36QYTLdHc0ZRviDC1A,14382070,4781,wmW_OgDwAAQlJY36QYTLdHc0ZRviDC1A,oNGxt5z-5DJ7j4x7CJCXMD2dvc_M,3169264,1,0,2026-06-09 16:28:53
70,wmW_OgDwAAqLR-xnur1a0pH7_xTbyKzQ,9659355,2410,wmW_OgDwAAqLR-xnur1a0pH7_xTbyKzQ,oNGxt5zXcH88LMCIVY0a7-JKWWqo,2006384,1,0,2025-09-05 17:47:47
71,wmW_OgDwAAlZdUTpnM5A1Nm3xGzPtkvg,13071771,4781,wmW_OgDwAAlZdUTpnM5A1Nm3xGzPtkvg,oNGxt50qZIDuog8IeZBnl_vxQJ6o,3157916,1,0,2026-03-10 14:38:31
72,wmW_OgDwAA1rUJ3HcxP0Jve03V9dhCGA,14212761,4772,wmW_OgDwAA1rUJ3HcxP0Jve03V9dhCGA,oNGxt5z_EYKlLl5xcWA9K-CfOI7w,3149717,1,0,2026-05-29 20:15:27
73,wmW_OgDwAA1hnnoOvjeRhHwlnrE3N_9A,9659269,2410,wmW_OgDwAA1hnnoOvjeRhHwlnrE3N_9A,oNGxt5yle4WRVo5_ddCSIomn46aA,3136091,1,0,2025-09-05 17:46:49
74,wmW_OgDwAAS7rbGsQFEBPizXnKOmc63w,14283511,1982,wmW_OgDwAAS7rbGsQFEBPizXnKOmc63w,oNGxt55yZ8IKdBd6zwv-qnitLGBo,1278193,1,0,2026-06-04 20:49:33
75,wmW_OgDwAAUWhVR9xs_3uHowaUIy-4Ug,9659414,2410,wmW_OgDwAAUWhVR9xs_3uHowaUIy-4Ug,oNGxt5xHz-yVVNP2mBQCvcZQA3JE,3139184,1,0,2025-09-05 17:48:24
76,wmW_OgDwAAAfwIO4FmEUGqQ4xhzQ-oqQ,14005440,5339,wmW_OgDwAAAfwIO4FmEUGqQ4xhzQ-oqQ,oNGxt58WNnQDZ4mmO3f8XFFj7OX8,3139221,1,0,2026-05-12 18:06:55
77,wmW_OgDwAAX33ZpSjxCKTMFNKIxbJ3Vw,9659342,2410,wmW_OgDwAAX33ZpSjxCKTMFNKIxbJ3Vw,oNGxt556ItclBo4VY8XA0cK1Wb9s,3136021,1,0,2025-09-05 17:47:39
78,wmW_OgDwAAWiTA3G-HGnS8FigXdHX8Bg,9658738,2410,wmW_OgDwAAWiTA3G-HGnS8FigXdHX8Bg,oNGxt5xU6CZHh-GOoIDFFZi5Wf6I,3175974,1,0,2025-09-05 17:38:19
79,wmW_OgDwAApWklcCw3nhnUvjl_vYc_Lw,9659335,2410,wmW_OgDwAApWklcCw3nhnUvjl_vYc_Lw,oNGxt5wPqSfLviL7u_dhGo5sROzU,3142958,1,0,2025-09-05 17:47:35
80,wmW_OgDwAAuOVt9iVwieVwa7LqvDi5Lw,14268688,1857,wmW_OgDwAAuOVt9iVwieVwa7LqvDi5Lw,oNGxt52mpbVGygXPQuviWurci_zM,726862,1,0,2026-06-04 17:24:31
81,wmW_OgDwAAuWN7tzaZva4rr98zMj8ehA,12771051,4803,wmW_OgDwAAuWN7tzaZva4rr98zMj8ehA,oNGxt51eJvn_5zzqcgiyunBoTg8g,3151548,1,0,2026-02-26 14:49:25
82,wmW_OgDwAACzL01UAMGTsLZjcjGowaRg,14381413,4781,wmW_OgDwAACzL01UAMGTsLZjcjGowaRg,oNGxt53uO42Gu0ww_-pijMGIeQNs,3141769,1,0,2026-06-09 16:27:05
83,wmW_OgDwAA_9BiFl7Wi0Dhf2ubWxFYiQ,9659427,2410,wmW_OgDwAA_9BiFl7Wi0Dhf2ubWxFYiQ,oNGxt59qRaAoiIGL2Hp7XeEUJA1I,3141098,1,0,2025-09-05 17:48:31
84,wmW_OgDwAALqg5VRSRohQiI8o6DE5KWA,14298010,5148,wmW_OgDwAALqg5VRSRohQiI8o6DE5KWA,oNGxt5yjc2tNKpXzXmjil-IuzrAs,3148355,1,0,2026-06-05 16:28:02
85,wmW_OgDwAAQd2vMuz57cu02pL3XNKhIg,11536223,2087,wmW_OgDwAAQd2vMuz57cu02pL3XNKhIg,oNGxt58bZxRZKSNPKFPrwh4CzyaY,3164315,1,0,2025-12-10 08:11:31
86,wmW_OgDwAAjI2xwRL5TbPqf751g-h2Jg,10955488,3960,wmW_OgDwAAjI2xwRL5TbPqf751g-h2Jg,oNGxt57sXqCrLwE5OzAxdI2l_tgc,3167105,1,0,2025-11-14 17:31:08
87,wmW_OgDwAAKApDSXP4V43AHFtYh4vz_A,9902083,3472,wmW_OgDwAAKApDSXP4V43AHFtYh4vz_A,oNGxt50yfzAFg8_JUb--UYef9pVQ,3140450,1,0,2025-09-24 11:57:29
88,wmW_OgDwAAH7cgguDRXGKt01cFBN_D_g,12009870,1635,wmW_OgDwAAH7cgguDRXGKt01cFBN_D_g,oNGxt53_I-wEb71iIBZu5ghWtsSU,3142128,1,0,2026-01-04 10:25:34
89,wmW_OgDwAAea2Yhq6519kpPT4A1Zf3aw,10652543,3827,wmW_OgDwAAea2Yhq6519kpPT4A1Zf3aw,oNGxt53RQTKDoPtYTLYaQ5iIJZtI,3177460,1,0,2025-10-29 19:02:56
90,wmW_OgDwAAHHRmwrzqhqry7rD73hVK_w,13672903,4782,wmW_OgDwAAHHRmwrzqhqry7rD73hVK_w,oNGxt5wlZXKCzDEEk04uAWIDgsKM,1039117,1,0,2026-04-16 18:01:10
91,wmW_OgDwAA9TVc8pso3FqQB-q-oJby1g,9659399,2410,wmW_OgDwAA9TVc8pso3FqQB-q-oJby1g,oNGxt5z-ognR0zfwQUGp17FWZ80Y,3124312,1,0,2025-09-05 17:48:15
92,wmW_OgDwAAApZ8be7byc1UwP3hHSpkug,9659325,2410,wmW_OgDwAAApZ8be7byc1UwP3hHSpkug,oNGxt5540JXOgl2ACjHE0EnBvkck,3142200,1,0,2025-09-05 17:47:31
93,wmW_OgDwAA_0MRVdVypEGL1qLnr3YM8A,13733922,1857,wmW_OgDwAA_0MRVdVypEGL1qLnr3YM8A,oNGxt5xQFiMAr0X5s-qo_lbJhdp8,3163876,1,0,2026-04-21 15:59:53
94,wmW_OgDwAAx3GOnRrEP5kVcgyhOhuZMg,9658748,2410,wmW_OgDwAAx3GOnRrEP5kVcgyhOhuZMg,oNGxt519BVyfHoXrlW_zTVIzx4ek,3174892,1,0,2025-09-05 17:38:27
95,wmW_OgDwAAZkcx1gtf1j65a7zk9qtUWw,12156741,4467,wmW_OgDwAAZkcx1gtf1j65a7zk9qtUWw,oNGxt5_wLQd1hqSVSsqgzPVXY-7k,3175006,1,0,2026-01-08 19:04:37
96,wmW_OgDwAAUDQLNRLxiAgJU29CJTDYrA,13535615,2684,wmW_OgDwAAUDQLNRLxiAgJU29CJTDYrA,oNGxt56dODZuhdyiSIf3UHmOG9Ak,3147226,1,0,2026-04-09 21:31:39
97,wmW_OgDwAAE8oJs-JSfo6gmli-kDzApQ,10818755,3818,wmW_OgDwAAE8oJs-JSfo6gmli-kDzApQ,oNGxt5wSleuQCLIHADRwI9VcBNkg,3175824,1,0,2025-11-06 18:42:29
98,wmW_OgDwAATFJcPgfnFiFDjY1ZC2DxVQ,14276055,1982,wmW_OgDwAATFJcPgfnFiFDjY1ZC2DxVQ,oNGxt5zOLv0fAevt1ELZkK5ndSJ8,3085241,1,0,2026-06-04 19:48:07
99,wmW_OgDwAA9Ab37RS8ANSWGH1yLFwrfw,13564037,3971,wmW_OgDwAA9Ab37RS8ANSWGH1yLFwrfw,oNGxt59QhNHs0P0OekCX_U8rTdvQ,3166852,1,0,2026-04-11 18:58:37
100,wmW_OgDwAA4BBUx4Qs5U892w9C4Rpi6A,14065415,3599,wmW_OgDwAA4BBUx4Qs5U892w9C4Rpi6A,oNGxt59U1uId1NbyIB-xH-fuR5_I,3139396,1,0,2026-05-19 08:57:53
101,wmW_OgDwAA3W1TgY1zPEmJos9Aa5dIlw,9659438,2410,wmW_OgDwAA3W1TgY1zPEmJos9Aa5dIlw,oNGxt50lfinuqzRmWg9FbF8h31lE,3138082,1,0,2025-09-05 17:48:37
102,wmW_OgDwAA98frZJk0uZIXoXMegRxjdA,11563535,1156,wmW_OgDwAA98frZJk0uZIXoXMegRxjdA,oNGxt54Ud2ZagQTuCiP9LuKCyA8k,3175627,1,0,2025-12-11 10:15:05
103,wmW_OgDwAARMhgtFkaD5sZkKSDbKc4YA,14263013,3140,wmW_OgDwAARMhgtFkaD5sZkKSDbKc4YA,oNGxt5_EP1fuhjAH2vBqfCCb8iTM,3164060,1,0,2026-06-04 16:41:05
104,wmW_OgDwAAXqL_VtJFeVZI0GVikoABrg,14212768,4772,wmW_OgDwAAXqL_VtJFeVZI0GVikoABrg,oNGxt5xdPnD3OgDuZh1QyXznhjNE,2350073,1,0,2026-05-29 20:15:27
105,wmW_OgDwAAizIIIYjjs3lGxG8WzsNBFw,9659100,2410,wmW_OgDwAAizIIIYjjs3lGxG8WzsNBFw,oNGxt53dm-yOLL_JnbbaO1fQeBkI,3036043,1,0,2025-09-05 17:44:25
106,wmW_OgDwAAWeKCTHEI_htw4YzmppB1HQ,9683849,2410,wmW_OgDwAAWeKCTHEI_htw4YzmppB1HQ,oNGxt50HPfLybK18_4jcx9-hTVWU,3134789,1,0,2025-09-08 14:05:08
107,wmW_OgDwAA_M2fpJrCxuN_MzxqcMqblw,9659411,2410,wmW_OgDwAA_M2fpJrCxuN_MzxqcMqblw,oNGxt57vb3TpEiIiG7qsSbUf30Jw,3160527,1,0,2025-09-05 17:48:23
108,wmW_OgDwAAErztFy2x2lQLSq780vEqjw,14383773,4862,wmW_OgDwAAErztFy2x2lQLSq780vEqjw,oNGxt52xCeEqQUua9nQV84_Hqtcw,3160315,1,0,2026-06-09 16:33:00
109,wmW_OgDwAA732LGjlJw4hl8YN7cMzQ-g,12011109,1635,wmW_OgDwAA732LGjlJw4hl8YN7cMzQ-g,oNGxt59_K1_CqibZQuR_kNv--bjo,986827,1,0,2026-01-04 10:25:35
110,wmW_OgDwAA3XSmTcDKSPXBJOs4H1FCxQ,14293575,5148,wmW_OgDwAA3XSmTcDKSPXBJOs4H1FCxQ,oNGxt58mkzIQPHQK3WpopQgRobtQ,3162494,1,0,2026-06-05 15:53:29
111,wmW_OgDwAAEq0J8ejaNjj7Gj3RtzHTtA,13091824,4861,wmW_OgDwAAEq0J8ejaNjj7Gj3RtzHTtA,oNGxt59AGSO7nsFAZwl6f-mhTiGI,3173927,1,0,2026-03-10 15:07:23
112,wmW_OgDwAATmR7Am8nrpPXAYJfZM9SGg,14270829,1857,wmW_OgDwAATmR7Am8nrpPXAYJfZM9SGg,oNGxt59aWSOyI4KvA_MMwzm7q_7E,452172,1,0,2026-06-04 17:50:07
113,wmW_OgDwAA4w4x7G4CCJQYoibq2y86UA,9659287,2410,wmW_OgDwAA4w4x7G4CCJQYoibq2y86UA,oNGxt5w_riqqUV4XNXgRcOi6LMlk,3137413,1,0,2025-09-05 17:47:07
114,wmW_OgDwAALsNzvsBJRVrI43xmEhzg4w,14295376,5148,wmW_OgDwAALsNzvsBJRVrI43xmEhzg4w,oNGxt55B7HvjiBoybtS37LYko02I,3034389,1,0,2026-06-05 16:05:04
115,wmW_OgDwAAXokA-9in3hhtwq5H_1dM5w,10652388,3827,wmW_OgDwAAXokA-9in3hhtwq5H_1dM5w,oNGxt5wsa19tvCZ11Oea7O29ttNM,3210299,1,0,2025-10-29 19:02:56
116,wmW_OgDwAA7vWoke1AlVM7t9I2oNpvWQ,14383124,4862,wmW_OgDwAA7vWoke1AlVM7t9I2oNpvWQ,oNGxt5zC1TvcdzlzbBmgOhpz1T5E,3151664,1,0,2026-06-09 16:31:33
117,wmW_OgDwAA-mGnAZM0OOiAVme4BX1LSw,12575625,4392,wmW_OgDwAA-mGnAZM0OOiAVme4BX1LSw,oNGxt5-ayTgA6GA8eEqrb1B6Jcbo,3136535,1,0,2026-02-05 16:47:31
118,wmW_OgDwAARkqWquRklMKbaKvJp-vm5A,13006047,4781,wmW_OgDwAARkqWquRklMKbaKvJp-vm5A,oNGxt51ci9MCTyvzgXz5hRrYNhCw,3163274,1,0,2026-03-05 15:11:25
119,wmW_OgDwAALu2tn6KB_FYU4vpZSv5eRw,13674673,4781,wmW_OgDwAALu2tn6KB_FYU4vpZSv5eRw,oNGxt58P193-EJXnpc2gEMScGT44,3198704,1,0,2026-04-16 18:08:29
120,wmW_OgDwAAutV0-UJazr_9op5oUsQJYQ,11862290,4135,wmW_OgDwAAutV0-UJazr_9op5oUsQJYQ,oNGxt5_V_qTJA81B73ZglqaBD7RM,907858,1,0,2025-12-23 13:59:22
121,wmW_OgDwAA-ReLhcNvgWZUGUjEJSN1nA,14293022,5148,wmW_OgDwAA-ReLhcNvgWZUGUjEJSN1nA,oNGxt5xA1QwEfsoiMGTvHTQyU3wU,3165914,1,0,2026-06-05 15:49:29
122,wmW_OgDwAA4cbWX0JqzOR66nRMVcwwPg,13118413,4392,wmW_OgDwAA4cbWX0JqzOR66nRMVcwwPg,oNGxt57Uy8YCcYnSsHzMQIrV1KTE,3149083,1,0,2026-03-10 15:37:41
123,wmW_OgDwAAW1jxRP8N2nZr0MO6yoRUFQ,9683943,2410,wmW_OgDwAAW1jxRP8N2nZr0MO6yoRUFQ,oNGxt59B1dKckSvxk9S53zleoxIY,3192160,1,0,2025-09-08 14:08:34
124,wmW_OgDwAAd-6kGmQuQNL2zkeeLtjHzA,14383530,4862,wmW_OgDwAAd-6kGmQuQNL2zkeeLtjHzA,oNGxt56GYTQ3NZkB-FgZ7TvN0FFo,3151088,1,0,2026-06-09 16:32:29
125,wmW_OgDwAAwBKehassM5TiZ0fnchsuLQ,14030194,4335,wmW_OgDwAAwBKehassM5TiZ0fnchsuLQ,oNGxt5wGQAFUNrRWAo45diB-Dp_c,3166286,1,0,2026-05-13 18:42:41
126,wmW_OgDwAA3vsTW8udMpUVvr1tULNmmQ,14381092,4781,wmW_OgDwAA3vsTW8udMpUVvr1tULNmmQ,oNGxt5zKT0NQivhaT_L8Zb0ejeRI,3153887,1,0,2026-06-09 16:26:23
127,wmW_OgDwAAYhaJLpW2uOsKRuxFc528sg,9659416,2410,wmW_OgDwAAYhaJLpW2uOsKRuxFc528sg,oNGxt50HAQRm1JVu9kb-d4HDs4Gk,3133229,1,0,2025-09-05 17:48:27
128,wmW_OgDwAAxnV2HD1BbXNMsGI9RVG8ow,13363089,2687,wmW_OgDwAAxnV2HD1BbXNMsGI9RVG8ow,oNGxt59e4kbVJ3ONtJbASLzq6ph8,3165530,1,0,2026-03-22 12:29:59
129,wmW_OgDwAAR8YhiqvIWJmlKihKGihuPw,9658715,2410,wmW_OgDwAAR8YhiqvIWJmlKihKGihuPw,oNGxt5wN6vsOwoqRXJDlS7gJxkPQ,3176104,1,0,2025-09-05 17:37:57
130,wmW_OgDwAAnFyrxITzDOk-CVkUSj-N4Q,12609599,4759,wmW_OgDwAAnFyrxITzDOk-CVkUSj-N4Q,oNGxt57fuCen658J1S5ZLnCH2-nw,3474374,1,0,2026-02-10 22:11:25
131,wmW_OgDwAAF9_Y06qSceNl6hRuFQ9YrQ,11849059,2598,wmW_OgDwAAF9_Y06qSceNl6hRuFQ9YrQ,oNGxt58fKUBmGgLlW1HxwR6VlZoA,3744530,1,0,2025-12-22 16:11:37
132,wmW_OgDwAAEMQKdP3AY5NC6ABaMYLMtw,11054431,2598,wmW_OgDwAAEMQKdP3AY5NC6ABaMYLMtw,oNGxt54RH6iSV8jgv0RB0qLjeDeg,3479731,1,0,2025-11-18 13:20:17
133,wmW_OgDwAASTS7_1gDhqZQVDlu_Ud0Xg,13309718,4781,wmW_OgDwAASTS7_1gDhqZQVDlu_Ud0Xg,oNGxt52U6idZD88Qfc1zSyPloEIw,3521568,1,0,2026-03-20 15:01:59
134,wmW_OgDwAAqG0IKPxBOxuBzi-sWp8FPg,13715012,2684,wmW_OgDwAAqG0IKPxBOxuBzi-sWp8FPg,oNGxt55gLYqn1qdvgg__SWpF_En4,3486128,1,0,2026-04-20 18:01:25
135,wmW_OgDwAAeJAsfGrG8JFPn2yLMfcdEg,11261740,2598,wmW_OgDwAAeJAsfGrG8JFPn2yLMfcdEg,oNGxt5xbABVf5jVX1QMsozzrj9Fo,3244443,1,0,2025-11-27 16:57:59
136,wmW_OgDwAA-4_4gbu92NQq548Rw3pUhg,14271152,1857,wmW_OgDwAA-4_4gbu92NQq548Rw3pUhg,oNGxt5411fEusc3E8UCi30nJ4YKQ,3504221,1,0,2026-06-04 17:57:57
137,wmW_OgDwAAEH6xl9uzs1qYq8DV4J4GDA,13110487,4781,wmW_OgDwAAEH6xl9uzs1qYq8DV4J4GDA,oNGxt5xOifriS3-gq9Bek_P9e630,3477206,1,0,2026-03-10 15:28:09
138,wmW_OgDwAASC2OJuMK2CSfmTtz2lhcgg,11047404,2598,wmW_OgDwAASC2OJuMK2CSfmTtz2lhcgg,oNGxt50beTkqS7TF-Q8-IbRyohic,3476290,1,0,2025-11-17 20:12:09
139,wmW_OgDwAArndAIXZcI8W08-u8ajoxLw,13807574,2684,wmW_OgDwAArndAIXZcI8W08-u8ajoxLw,oNGxt5z2CJ_CFQDnE0D3pP_YUEzU,1425381,1,0,2026-04-24 19:38:00
140,wmW_OgDwAA5ee4rkW1hS1pQiKpsO6auA,11555824,3832,wmW_OgDwAA5ee4rkW1hS1pQiKpsO6auA,oNGxt5294wJlGNDXiaLMNMaTLRjE,1531255,1,0,2025-12-10 18:59:57
141,wmW_OgDwAA4uDgjiMOarjoC1oHRDNN0w,12768000,4803,wmW_OgDwAA4uDgjiMOarjoC1oHRDNN0w,oNGxt54GduTTiqwwuNXsgrk_9DQw,3489709,1,0,2026-02-26 14:49:23
142,wmW_OgDwAABPGqw54Qny8fUF671WcwWw,12792470,2687,wmW_OgDwAABPGqw54Qny8fUF671WcwWw,oNGxt5w0r8bsnBJQ5r0HzggEww9o,3482957,1,0,2026-02-28 16:25:39
143,wmW_OgDwAAT6aWmiD1ck7DnpCcVMl9Ug,11324492,2598,wmW_OgDwAAT6aWmiD1ck7DnpCcVMl9Ug,oNGxt5wUac43vSgWUSfyQhIIemPM,3518332,1,0,2025-11-30 20:38:27
144,wmW_OgDwAA3maYarA45x_CshVICFyLRw,11313936,1784,wmW_OgDwAA3maYarA45x_CshVICFyLRw,oNGxt58nPyXGzoAuEA_s4eVl2M-0,2066639,1,0,2025-11-29 20:23:24
145,wmW_OgDwAAqeJDlcqRt8YiBTeJVJryPQ,11223367,2598,wmW_OgDwAAqeJDlcqRt8YiBTeJVJryPQ,oNGxt55O1_IYs3OZicz3qx_Gg2PU,2919755,1,0,2025-11-25 14:44:21
146,wmW_OgDwAAI3eW2hFbVFg-Msr6cj10YA,13115067,4861,wmW_OgDwAAI3eW2hFbVFg-Msr6cj10YA,oNGxt59fIrg6v3cPmz4GdTaXTLDw,3481109,1,0,2026-03-10 15:33:33
147,wmW_OgDwAAu93cSvpcs-92FIntHn3j6w,13517598,4443,wmW_OgDwAAu93cSvpcs-92FIntHn3j6w,oNGxt59qbi2hmfQvpJlgpZRnF5kA,3484416,1,0,2026-04-08 11:01:03
148,wmW_OgDwAAo-RE_jJ8ud158VnhBcmJgg,11264853,2598,wmW_OgDwAAo-RE_jJ8ud158VnhBcmJgg,oNGxt55YW_9d9WkV4QmU2bOIIgkk,3520501,1,0,2025-11-27 18:03:09
149,wmW_OgDwAA-jjBft6qzWELsqlaTE9drQ,13466425,4996,wmW_OgDwAA-jjBft6qzWELsqlaTE9drQ,oNGxt51D8wnEDMk6Yd3TIP3yrIhI,3485914,1,0,2026-04-02 20:25:42
150,wmW_OgDwAAZqBSA2pdaBJkv8jE7BN9gw,13723121,3960,wmW_OgDwAAZqBSA2pdaBJkv8jE7BN9gw,oNGxt583ilB4Txt-AauhCPs32KPk,3363950,1,0,2026-04-21 14:50:03
151,wmW_OgDwAA61nx2Nfbx2tjxzSfGJvwuA,13717971,2684,wmW_OgDwAA61nx2Nfbx2tjxzSfGJvwuA,oNGxt5yqozY_9A3Z5syMACu0MLrw,3519102,1,0,2026-04-21 00:19:16
152,wmW_OgDwAA28svaAPbactoNf6TWRz5YQ,13122733,4864,wmW_OgDwAA28svaAPbactoNf6TWRz5YQ,oNGxt5ykptd4I22T7cZYr7oWHLBQ,3477961,1,0,2026-03-10 15:44:17
153,wmW_OgDwAAH22usqc-uM-QYE_oJTqyHQ,13699151,4782,wmW_OgDwAAH22usqc-uM-QYE_oJTqyHQ,oNGxt5wjV_Ezc6ObTsvc0urp5hgE,3003951,1,0,2026-04-18 17:14:33
154,wmW_OgDwAALa490RZmB7EOot0r1Cew-g,13713596,2684,wmW_OgDwAALa490RZmB7EOot0r1Cew-g,oNGxt53VZEgw-KCYfPnNA4MmJydA,3479743,1,0,2026-04-20 16:03:51
155,wmW_OgDwAATjwc_1wAJNCq6TKGUg5prw,13831690,2684,wmW_OgDwAATjwc_1wAJNCq6TKGUg5prw,oNGxt5553w-LdDeauQ90M9fTOCbA,3481434,1,0,2026-04-27 14:21:13
156,wmW_OgDwAA-OlI5DTE0K90LDSFnxI-EQ,13065274,4149,wmW_OgDwAA-OlI5DTE0K90LDSFnxI-EQ,oNGxt574PBhf4_3ZzVQsZ3wMg8R8,3473970,1,0,2026-03-10 11:03:49
157,wmW_OgDwAA3U0AEvJjn2R6XUWlhC09aQ,11054693,2598,wmW_OgDwAA3U0AEvJjn2R6XUWlhC09aQ,oNGxt5zY5vNUzkt0D_sxeIcm1cvc,3466014,1,0,2025-11-18 13:48:17
158,wmW_OgDwAAp9jM_YbSS1cQ3AsWvGkAjQ,14279322,1857,wmW_OgDwAAp9jM_YbSS1cQ3AsWvGkAjQ,oNGxt58E6A4ZYagFtqDb2QYsJaPM,2964803,1,0,2026-06-04 20:14:41
159,wmW_OgDwAAo9yh-jF1tjTwKoYvA8Euwg,13137932,2470,wmW_OgDwAAo9yh-jF1tjTwKoYvA8Euwg,oNGxt57KTGXrpxectrFMEH42gI1g,3499056,1,0,2026-03-10 21:13:33
160,wmW_OgDwAAyRVE2DZecSAUt9oER7zLUQ,13713292,2684,wmW_OgDwAAyRVE2DZecSAUt9oER7zLUQ,oNGxt5wC4FdNBx_KthqYx-Wf1MAg,3521689,1,0,2026-04-20 15:31:45
161,wmW_OgDwAAf8K-4rkEix43MWzymX3C7Q,11322806,2598,wmW_OgDwAAf8K-4rkEix43MWzymX3C7Q,oNGxt5_Hd9IavlJBuVeFf_gLGE04,3513507,1,0,2025-11-30 18:00:47
162,wmW_OgDwAASu80kA-zKR2ECwf7MvFoOA,13799534,2684,wmW_OgDwAASu80kA-zKR2ECwf7MvFoOA,oNGxt5xCg03X3tBWiZaK7SXOOpn8,3476791,1,0,2026-04-23 22:18:35
163,wmW_OgDwAAYCZjLZjJdOnbBqHB2zNAkQ,13086474,4781,wmW_OgDwAAYCZjLZjJdOnbBqHB2zNAkQ,oNGxt5_5L0MTAcxlXdh9Hfc0atfU,2107337,1,0,2026-03-10 15:01:47
164,wmW_OgDwAAzOmW5PmKvX5rEAR_Qd_72A,13927084,5265,wmW_OgDwAAzOmW5PmKvX5rEAR_Qd_72A,oNGxt56lTOGgON15Ec9B8TB2I6a0,3473824,1,0,2026-05-08 13:34:35
165,wmW_OgDwAABYpbljRTSkBTNXjPJIQTqQ,13306508,4781,wmW_OgDwAABYpbljRTSkBTNXjPJIQTqQ,oNGxt51FSQGNsjkVGexG-FwEAFHs,3499591,1,0,2026-03-20 14:19:29
166,wmW_OgDwAAULVbwqg_ApgHHp4TO5_ORQ,13699955,4782,wmW_OgDwAAULVbwqg_ApgHHp4TO5_ORQ,oNGxt5zS76p1jW4XYOEUtoIXToLo,3486517,1,0,2026-04-18 17:23:18
167,wmW_OgDwAAPLWDjd1DZmOinMEA0eN6HA,13309165,4781,wmW_OgDwAAPLWDjd1DZmOinMEA0eN6HA,oNGxt5-taZD2SW7w8cwKwHI4ZfIY,1132349,1,0,2026-03-20 14:54:03
168,wmW_OgDwAAIdwjDY6N1SBYXqAyNOia6A,12960197,4841,wmW_OgDwAAIdwjDY6N1SBYXqAyNOia6A,oNGxt565bUHO_Q4hrxRTB4VCjkyY,2853123,1,0,2026-03-04 10:48:45
169,wmW_OgDwAA-uWGGlgs-_tCXN3FSrbITA,13713339,2684,wmW_OgDwAA-uWGGlgs-_tCXN3FSrbITA,oNGxt50LBFZug3VI-nNoFTmZ4YnE,2404394,1,0,2026-04-20 15:35:37
170,wmW_OgDwAA5AMTr7TUm-2lSzna9CdDlA,13086123,4861,wmW_OgDwAA5AMTr7TUm-2lSzna9CdDlA,oNGxt59okAFPuAQSb6qd3GYr3eB4,189338,1,0,2026-03-10 15:01:25
171,wmW_OgDwAAm26CWIDP0ZzcNdLnynesXw,13715618,2684,wmW_OgDwAAm26CWIDP0ZzcNdLnynesXw,oNGxt53fzbdlZ1HGyFodo8_ZD-zo,3492438,1,0,2026-04-20 18:59:27
172,wmW_OgDwAAosm7UAugKBF-PcITAvPsGA,11216026,2598,wmW_OgDwAAosm7UAugKBF-PcITAvPsGA,oNGxt59WtAaym1INSiBxML1XFxjk,3503909,1,0,2025-11-24 20:47:06
173,wmW_OgDwAAwpfYY5iidPFBGwaFJA_ASA,13713247,2684,wmW_OgDwAAwpfYY5iidPFBGwaFJA_ASA,oNGxt58hqvJzVzmmOaP2jBtoxKsM,3504746,1,0,2026-04-20 15:26:37
174,wmW_OgDwAA-dh6NimuYmKBryFoSnXI4w,11261620,2598,wmW_OgDwAA-dh6NimuYmKBryFoSnXI4w,oNGxt5_6VtqP7NrzbjnQJ8R-u-dw,3515262,1,0,2025-11-27 16:42:57
175,wmW_OgDwAANKfs-2rJl_xBi7t1AJ2w-w,12843077,4813,wmW_OgDwAANKfs-2rJl_xBi7t1AJ2w-w,oNGxt5xPXILKCwjZZDcCWD0_P_io,3504998,1,0,2026-03-02 14:41:26
176,wmW_OgDwAAn6_gMCLh3CrjB7AHvuFihQ,13713746,2684,wmW_OgDwAAn6_gMCLh3CrjB7AHvuFihQ,oNGxt585zralzQXq4YV7CAFstJoc,3471436,1,0,2026-04-20 16:22:23
177,wmW_OgDwAAbG77rstn1qhBn0ulPsr1Qw,14365452,5471,wmW_OgDwAAbG77rstn1qhBn0ulPsr1Qw,oNGxt55ReJEAffrkM9N5iboWBV_k,3500666,1,0,2026-06-08 16:52:11
178,wmW_OgDwAAxIUDYgN1X966kDFTYrUj9Q,14364845,5445,wmW_OgDwAAxIUDYgN1X966kDFTYrUj9Q,oNGxt51SHmluUJujJkmXbga1CthU,1967805,1,0,2026-06-08 15:53:53
179,wmW_OgDwAAIvI20DcHOY3BCJv7S8eNdw,13986546,4802,wmW_OgDwAAIvI20DcHOY3BCJv7S8eNdw,oNGxt52Y3ak6YpbnydUti-5DrGiQ,1800589,1,0,2026-05-11 17:58:13
180,wmW_OgDwAA4NY9So83xMgFN0C_6eHTTA,13987443,4802,wmW_OgDwAA4NY9So83xMgFN0C_6eHTTA,oNGxt55yOvhfS-mFN1WmU51IKxL0,3502385,1,0,2026-05-11 17:58:13
181,wmW_OgDwAAvPQf8X6VaQ70vmgRrzJodQ,13722934,2684,wmW_OgDwAAvPQf8X6VaQ70vmgRrzJodQ,oNGxt52_vhB1lt3V_6U4iandpVaU,3494513,1,0,2026-04-21 14:49:31
182,wmW_OgDwAAA4Aoi9OCdvTGJPjeVWLS9A,13713250,2684,wmW_OgDwAAA4Aoi9OCdvTGJPjeVWLS9A,oNGxt52rYWmh21V_Q5wweirkxs1s,3467308,1,0,2026-04-20 15:26:53
183,wmW_OgDwAAcJDbKz7g6R6KPahCXnz7mw,14266191,1857,wmW_OgDwAAcJDbKz7g6R6KPahCXnz7mw,oNGxt50B6AxXBwjI_jv7nVC2yfMc,2864761,1,0,2026-06-04 17:05:55
184,wmW_OgDwAA2lC3l3A8KYgwupuJ7OWuQA,13986552,4802,wmW_OgDwAA2lC3l3A8KYgwupuJ7OWuQA,oNGxt567X4RaTP4FHdhhvtDjx9-8,3484706,1,0,2026-05-11 17:58:13
185,wmW_OgDwAAK-7yY5vMCzIygMta1VSAFw,11260362,2598,wmW_OgDwAAK-7yY5vMCzIygMta1VSAFw,oNGxt57KXnvdJhdGO6vq7IfA3PDY,3516412,1,0,2025-11-27 15:14:15
186,wmW_OgDwAAsVRd_Zm-MYu3rs-BYB-oaA,13092634,4863,wmW_OgDwAAsVRd_Zm-MYu3rs-BYB-oaA,oNGxt5wvzh5fhX2dzQaDS8tfgBqU,2577231,1,0,2026-03-10 15:08:12
187,wmW_OgDwAA9ql4JK72urCrLiu_qQy9xQ,14263465,1857,wmW_OgDwAA9ql4JK72urCrLiu_qQy9xQ,oNGxt56rr4u_bskSRTwsn1BQ-8yU,3503581,1,0,2026-06-04 16:49:03
188,wmW_OgDwAAJiDHvnRr6wNTTuVb2oI6Tw,13248983,2687,wmW_OgDwAAJiDHvnRr6wNTTuVb2oI6Tw,oNGxt563wPekPQxo6nDSwtXrZLTU,3516586,1,0,2026-03-17 20:28:57
189,wmW_OgDwAAgURIVheuRgtI7wqU-dhmrQ,14365943,5445,wmW_OgDwAAgURIVheuRgtI7wqU-dhmrQ,oNGxt53RzcfFuyWUXGi8Ek2U4A6A,3465683,1,0,2026-06-08 17:30:29
190,wmW_OgDwAAx_1JxoUBK82s7yabFkTfwQ,14264668,1857,wmW_OgDwAAx_1JxoUBK82s7yabFkTfwQ,oNGxt5z-OOkYb3Df-SBa9V1E1lyo,2382607,1,0,2026-06-04 16:57:14
191,wmW_OgDwAATFkqJtYGYkJG3HDMpTozNQ,13107380,4864,wmW_OgDwAATFkqJtYGYkJG3HDMpTozNQ,oNGxt57PofQzmYw0NLSKLK4MrjG0,3466837,1,0,2026-03-10 15:24:29
192,wmW_OgDwAAsyJRYmnfiE2KJ2no5ElVOg,11268133,2598,wmW_OgDwAAsyJRYmnfiE2KJ2no5ElVOg,oNGxt59Z00_bigZ_-0uEndIxV5UM,3515706,1,0,2025-11-27 18:37:59
193,wmW_OgDwAAzBtiQ2SZd3dennX2_YK5Rg,13799700,2684,wmW_OgDwAAzBtiQ2SZd3dennX2_YK5Rg,oNGxt5w_eT1Ar5bESyDwtSzk_EoY,3487378,1,0,2026-04-23 22:46:35
194,wmW_OgDwAAnZh0mJ2hM2rckyVVbec-NQ,11394566,1155,wmW_OgDwAAnZh0mJ2hM2rckyVVbec-NQ,oNGxt5y4ggrIc39fbk8mI5NWSA38,3471382,1,0,2025-12-04 13:47:13
195,wmW_OgDwAAqq9WixxmYTNsCrtP69ybug,13405307,3717,wmW_OgDwAAqq9WixxmYTNsCrtP69ybug,oNGxt54poUaDdTmBTebsVYqS-1cs,3484319,1,0,2026-03-26 11:18:53
196,wmW_OgDwAA6XEJUDPyxUCWfQ1sMPEMwg,14264889,1857,wmW_OgDwAA6XEJUDPyxUCWfQ1sMPEMwg,oNGxt55R9e9xEwxsHrk1KUA2Bc4A,3488715,1,0,2026-06-04 16:58:31
197,wmW_OgDwAAOu0F-s-Dcsopt8wW0WH7tg,11055430,2598,wmW_OgDwAAOu0F-s-Dcsopt8wW0WH7tg,oNGxt59p5grTOF5tAQgKSPABBbv0,3484881,1,0,2025-11-18 15:05:31
198,wmW_OgDwAAJK_R-a4Em3Ib-5Xpmt6tbw,13072406,4821,wmW_OgDwAAJK_R-a4Em3Ib-5Xpmt6tbw,oNGxt52DT7WJ0pGBHzxnuLoC5d4s,3495303,1,0,2026-03-10 14:39:53
199,wmW_OgDwAA_4vxM_JjNihiDofuRkWWbQ,13559013,3971,wmW_OgDwAA_4vxM_JjNihiDofuRkWWbQ,oNGxt5_7MFjdbXHsVewnx8X-JThI,1660598,1,0,2026-04-11 18:32:47
200,wmW_OgDwAAIQs_nZUSXoBYpcDuxHbSTQ,13714309,2684,wmW_OgDwAAIQs_nZUSXoBYpcDuxHbSTQ,oNGxt52WZNwnC7vqEws8N9ebus1s,1624686,1,0,2026-04-20 16:53:29
201,wmW_OgDwAA4_XwDeGc0zYyszV3ShlIsg,13098856,4863,wmW_OgDwAA4_XwDeGc0zYyszV3ShlIsg,oNGxt56ILUKxLWttSQsQUFp3tBfM,3198186,1,0,2026-03-10 15:14:21
202,wmW_OgDwAAMIyPZx8Q72oUrGa_LeItMQ,13713281,2684,wmW_OgDwAAMIyPZx8Q72oUrGa_LeItMQ,oNGxt5_53i-R7TVGqyCvlmYn6qbI,3490527,1,0,2026-04-20 15:30:53
203,wmW_OgDwAAohA2YhlcJAh2l9rB0ut9pA,13913903,4759,wmW_OgDwAAohA2YhlcJAh2l9rB0ut9pA,oNGxt5wVBe8l-1W4yROWd-U93UDE,527084,1,0,2026-05-06 18:20:14
204,wmW_OgDwAAe4BdknpqDYdv-KCVw79JJg,11215315,2598,wmW_OgDwAAe4BdknpqDYdv-KCVw79JJg,oNGxt5zT_R4XNH6KpPmZ3J2RPLKA,3498070,1,0,2025-11-24 19:41:23
205,wmW_OgDwAAS_7GtEInduX3EvpDd2zjtw,13756098,2684,wmW_OgDwAAS_7GtEInduX3EvpDd2zjtw,oNGxt545pSWUao8wldxqCTrYXEbs,3512165,1,0,2026-04-22 20:47:00
206,wmW_OgDwAAn4EEWSLQCd6dEZzWiibfoA,11423924,3170,wmW_OgDwAAn4EEWSLQCd6dEZzWiibfoA,oNGxt5wcC93TPYIE8aI-wA9w9kf8,3475408,1,0,2025-12-04 21:56:55
207,wmW_OgDwAAEdq6ndaeLVI_pA1LP5P3aA,13715849,2684,wmW_OgDwAAEdq6ndaeLVI_pA1LP5P3aA,oNGxt5xaOY_2kf50mkK_OUOgut94,3480691,1,0,2026-04-20 19:14:27
208,wmW_OgDwAAt0qZLsYQk04BaXIvFPARQg,13076001,4861,wmW_OgDwAAt0qZLsYQk04BaXIvFPARQg,oNGxt50-vXT26d94U0U2-Gim5NbY,3102323,1,0,2026-03-10 14:47:33
209,wmW_OgDwAAIwRrIG5HOSDg20x4T6FbNw,11047639,2598,wmW_OgDwAAIwRrIG5HOSDg20x4T6FbNw,oNGxt57xBj20SfeJo4N_RX10rx5c,3475575,1,0,2025-11-17 20:33:23
210,wmW_OgDwAA6q7S5Oxh207k8-cb36Uqiw,13724129,2684,wmW_OgDwAA6q7S5Oxh207k8-cb36Uqiw,oNGxt5xwxSPhtuB_2ScSyaEwcuc0,3479902,1,0,2026-04-21 14:52:47
