"seq","external_user_id","union_id","response_status","message","requestId","taskId","taskStatus","error"
"1","wmW_OgDwAAuIM86zkSnB4mGJHmuzM-Eg","oNGxt5wkOU-rp1zdRRk7qBtrfofw","200","OK","074c63495e714fb5813d85e2b3fd94ff","eb19dc9bb69f40038a3f305fe0afb1c2","QUEUED",""
"2","wmW_OgDwAA7n7bY7f5RtnaRCR0fOQy5w","oNGxt56IN9gpEBEjfHD-MXf-fDmw","200","OK","6b7b65ef89b34816a00166c132c139ad","26eeb30e4bf9480b8043dd19d0559d9d","QUEUED",""
"3","wmW_OgDwAArllbyIa7SZmGZKmdD5eI7w","oNGxt57hDtmruD8QYaWBlqL1IKh0","200","OK","6315e5403f024a4fa27ee101dd1ed244","c4e8d5fca5d3410da2a9963a2f510eea","QUEUED",""
"4","wmW_OgDwAAVZCL74e9txr8R3R5qsacLg","oNGxt55n_ZgoGDus1mR90L0jMYWc","200","OK","ea25c06fa77f4b91a2fd9e6d3562a9fd","1d7554f7c9ce4b4aa3b7b75bea996ef2","QUEUED",""
"5","wmW_OgDwAANsUFwk0mkLjFORBV7sf37A","oNGxt59t0qnJF_5KwLuQi2HL5yUc","200","OK","3a3ee6adf7a342e6bcb728bd81650674","4b90305a623647548c6d889c46eca8fe","QUEUED",""
"6","wmW_OgDwAAj5v7rGOGOdkVLNEGMGcQdA","oNGxt59qcexrO44nwOqH4uiGGfDE","200","OK","851ae4d8cb2e42679bb7935bb6d4df1a","89d98c5e61684288a99537216d351ff7","QUEUED",""
"7","wmW_OgDwAAFWHQGEDAWbkXXEoulhHAxQ","oNGxt51EoO6Szv1suRxkTNYHcRbA","200","OK","7ab4856123e74460a6af74925815d560","f7066a2aa0564811850f4112510b2938","QUEUED",""
"8","wmW_OgDwAArwqW0l0YdjO_wEGiC101Jw","oNGxt56x8ioXH6QefJiy5HFHBkxI","200","OK","c84a970b3c94465d91fb2699a1e553bd","b96d43660dfb43018ed46a50ade8d1d9","QUEUED",""
"9","wmW_OgDwAAQz950euCSqi7XMCHZ_20Eg","oNGxt58XZCAeyvw6cAHxrPiKsZqY","200","OK","5fe655f9f1cf499894b226c37374d0cb","157ee4e0b2ff47eab01061a2e7ca7cf2","QUEUED",""
"10","wmW_OgDwAAQdMDDFLPXgSmDzCrjZHxTA","oNGxt5x3KNj1PVLXUKTRLdswAzT4","200","OK","6bb8afd8960341bfa51acc88cd770ae3","4478cf3e5333416aba0bd8ec1f4ba46e","QUEUED",""
"11","wmW_OgDwAAR1HGX4XdufbI0n2tLZTk5g","oNGxt55TGv45A_bUtsirIUeVJE30","200","OK","7410cdcd0edb49b1b4933fa28d1d6d65","163f60e4a6e247fda66a63396834b911","QUEUED",""
"12","wmW_OgDwAAJBpSE4nuJ_7r2oxSD-3QmQ","oNGxt507dL6Lye6gqC1suKuw3n84","200","OK","0784ebf3d9e14e72bb07c9ff3561120e","3d2da72b6315438cab1b343b2b00e1d3","QUEUED",""
"13","wmW_OgDwAA64qpHWTfTI1_pL60LmlK1A","oNGxt52WLUPXTBxEyVev3b58ZKc0","200","OK","730987ac7032403fb20652bb1b1648db","61e7edaaf63c436ca22f9053f9ba91d6","QUEUED",""
"14","wmW_OgDwAAczcq7Ows9htpdEWiLLQ5KA","oNGxt51obBqP2i-JYTDdWF4ZMNz8","200","OK","9bafd5a34076475fb8110e5baf7a0904","61779b2a613841f5b58acf1a1fe24ace","QUEUED",""
"15","wmW_OgDwAAtDuJa6tZaB6AHa4x_q9Vqw","oNGxt5yVBCCSqKfWt-5QAZDmbs3c","200","OK","9190af5177c643cea8fd9ac92154cab8","0b29e7b04d4542c19129221f1ef7bbbe","QUEUED",""
"16","wmW_OgDwAAWhDCjMTAXpcwlgUMYv5uuQ","oNGxt58WEkfxdZ-Z9eVsR22SbleE","200","OK","228ad0f28a054f1680788c30dcd00298","0c9addb6e93b48528c4c51f1099b316b","QUEUED",""
"17","wmW_OgDwAAOvF2RwxfaTEmTDuH44T_7Q","oNGxt50FCEIdpi78dEFD0227gJJ4","200","OK","2e6e75eccf19447a9ec26e5d5f4cde90","e138c41e020c46a7a64283a6b0a5acdb","QUEUED",""
"18","wmW_OgDwAAr0hJXx9QGyswkDVlvBEcPw","oNGxt5w7lXsK2gomXhDaTOhTlBrc","200","OK","fd111a4c30044c169fd7597bfc630b5d","829b20b0b6ab4cf7b4f753430135cc92","QUEUED",""
"19","wmW_OgDwAAvp5mjceiLRA2wmOa975jrQ","oNGxt561rZQnKOotBG9ouRAc4eC8","200","OK","483392c1f7d2472bad1fc8b10e39caac","97f95cc73c07440595011e967852926e","QUEUED",""
"20","wmW_OgDwAA-sG9zvrDG9CQSlu2sjME_w","oNGxt581d-m2wcfFhzlpH7FTXSZY","200","OK","481c8e703a1746458e19d73ed1f2c123","75acf5aa3e1e417f99fad24a1f21635e","QUEUED",""
"21","wmW_OgDwAAu0rPHic6QXENJpfIQIrmSg","oNGxt5yNyNtf6zwBYniLuFAy_yAE","200","OK","733b6c32f6f0451e8e3da3a1003204c9","d0928fb4365c493285b42fccd5d3351e","QUEUED",""
"22","wmW_OgDwAAUkcRtSsAfAQz-4tSq0K7vQ","oNGxt53HCCgKdGWy54qS61MWc7Qo","200","OK","8c6c0e2eb1ff4c6190fd27a6f85cfe2a","975be60c81734336b2d3bc5bc647e71c","QUEUED",""
"23","wmW_OgDwAAWuDcOyyP6VPLLyUaJfU6Xw","oNGxt5_pjkjOh9F1_rBZeTlAZcSY","200","OK","c2138061fe3c4e0eb098b97263ee7cad","f4c5dc131cf74097b53eddda19735279","QUEUED",""
"24","wmW_OgDwAAtOFrj5474GohsY9LwulQ0A","oNGxt527O-27J392Dhzv1qHTIC8s","200","OK","43918bfe4e1b4d6188c5b66c1c5ec05d","22d0ab2b6d094c969c070d4554dfd5c8","QUEUED",""
"25","wmW_OgDwAApNltJ-MmNduyr5cVb4iqrQ","oNGxt53_AN7jFNa44w7zOIUiXdJM","200","OK","875dbc84fdfc4e86a133bebdf13351d3","936bec8b791b4f13bef8b4c4977a0bc2","QUEUED",""
"26","wmW_OgDwAAwuuokZM1uGAcPm5VUzsUsg","oNGxt5ye6kYvTH5uv6sV1WrH4qkw","200","OK","1aa6ae60b5ae4c07bca4b02aa61632cd","9bb21207c3c44c028db30bdee59ea468","QUEUED",""
"27","wmW_OgDwAAu2D3G2ZAPqWY5ZpxCm9Ppw","oNGxt55XTPyC1SuwRrvzD-YrQEDk","200","OK","11c34d6c0d1e4da08d2adcaafe20f1e5","206376b6f1194549a222a01286cbbb19","QUEUED",""
"28","wmW_OgDwAA-jgKhfVVotnq9ZwEJlGcpg","oNGxt5wLMF4D3YhizvFsuV1f0QM4","200","OK","141efdd1a0854200ae05d187f50a2094","51e8de7935ae4161ac6022911a54b31d","QUEUED",""
"29","wmW_OgDwAA9aatnWJ1kKrR4u88_t-t1A","oNGxt54TwwGJM1BytSjUnHIymyUw","200","OK","c923d3074f904b678d6df853ed819fd1","c2e2a1a5f71b4af6893dd25d3671fb68","QUEUED",""
"30","wmW_OgDwAAW4ab-M0gPr6U6QOfj_S6FA","oNGxt5y3WsptbR6ydr6fQLfurBVY","200","OK","53ef6d1c570146cca5819aff2c1534ca","23355bed3a0549938f44ff8e84ccf4b0","QUEUED",""
"31","wmW_OgDwAAEX09yc3Rfgp_WJgXiu62RA","oNGxt53KFvjlLFMX92GrjWNtmHGA","200","OK","85f2e233302f4d1ebf68ad883c01b7a3","a7072f20f5a74419a8c429d319aa8adf","QUEUED",""
"32","wmW_OgDwAA3aO8Pz8xGCT9wAOTph7ApA","oNGxt55gyQApJqz-BkztJFQe2vaQ","200","OK","9492fc03334b4b5eb5036dd4abf5d8dc","74a717d0425043509f02961766f5b9f7","QUEUED",""
"33","wmW_OgDwAACmGZ_5DEFJ8YdrJfda67rA","oNGxt5yYlGWQdsDT4EIshnBR_l3k","200","OK","29dc9afd9d094e1791ac599789d273a7","7ad1c7df34c1475a95a59292b2a78cc7","QUEUED",""
"34","wmW_OgDwAAJ9mD-62NoRy4jYwBRjxvGw","oNGxt5yC3-Z6akxBHyD63yD4Rp_0","200","OK","3203935b67bc47e4951255c32d5c3f28","acfb60051838487ba8bcf66a1f455d2a","QUEUED",""
"35","wmW_OgDwAAQ1zfdaHoQ0Vou_sVjnRK9g","oNGxt50iDEVJKPNJCPl8w95rtHJ0","200","OK","e9d35390b4054349bf08385eb878b37a","1a49d236b9dd48a6b355d13367d3c161","QUEUED",""
"36","wmW_OgDwAA0iwjCl9k2tu32_67X6iV9g","oNGxt533p5iO-pBw1mg48szOOOsI","200","OK","dfa680c077e04f2581e1aa64e38fffef","1a2022d7d2a64fc788a07cc78b135282","QUEUED",""
"37","wmW_OgDwAAy10jO3fYTv3VO5aO4abjzg","oNGxt56b5N6OumUR7w-axgIgBLxE","200","OK","57c11cdafd4e4afdb2fc6dbd61c3d0b2","92252e6e32564064aec157d882b4b3f7","QUEUED",""
"38","wmW_OgDwAA_ys-L9183pYSm2q2SqxOhw","oNGxt56042B7IMw0GUXZG6nvWK_U","200","OK","a954830da628412992a5d69940e56996","2fec16e0914a4ab997ba36298d892b08","QUEUED",""
"39","wmW_OgDwAArj3629wcqb8qqpzUBRvflg","oNGxt57WyWmsydiEnCJ1aOEkMH8w","200","OK","b3825e6c13304b7fb191e8d33893d0c7","b84e45ec6cbd4876a901a20f4e25adc4","QUEUED",""
"40","wmW_OgDwAAQEp5TeCLsQGW1uputSlwqw","oNGxt5y961ZwYdV81CwtKYbtZ__4","200","OK","d412a8870d1e4f83b9bf18986f5f05ea","1f959a7e4f7f44d9b5e3d86ea8cd6166","QUEUED",""
"41","wmW_OgDwAAqAN1VyZowLNNH5tfJL8z_Q","oNGxt5w0PUXCekPn0jhpqIeERsQg","200","OK","d66b5bf8ddb34872940bb192063f1065","6185ddb6e9434e1bac7caec0f5220d72","QUEUED",""
"42","wmW_OgDwAA7qHAQK906ybcM7VaXTwxiw","oNGxt54FUrEAi7cEDbdgSeaKCrzk","200","OK","7abee813a9f8464a9d1148e2f147c694","00b3aa9e543542db9bcc2cfedb1b3c76","QUEUED",""
"43","wmW_OgDwAA9-CugeUISrku9bvCQO5WdQ","oNGxt53iIy0XUJvnkQw-qWjUaCUA","200","OK","dfc2c5b52d9a4d03bfbc6a7509a84621","37e00cd5d45e4b41b019ee9d3d8cae7c","QUEUED",""
"44","wmW_OgDwAAdObkFa-ASwx4ECPfjy6P5g","oNGxt52SDU8Zqcl0HrjG6MdxxWJA","200","OK","afcf479a72a743759ada6b663334038b","b797fcff56ac4b35ab2a7d08eee449f5","QUEUED",""
"45","wmW_OgDwAAfP4XB5-MEQ1x9REDD27YTQ","oNGxt5xi6H3p-CSbkr0HN_4TWq28","200","OK","5286c399223b4d87ad552770ab9e21c4","65e56b27149b40a4816c7892849b6617","QUEUED",""
"46","wmW_OgDwAAV5O2uIt7K_mXlTRlnwt7bQ","oNGxt5_LZsaXu8BnNcN-ucQJ3hwM","200","OK","0e0f82997b774c6aa441e910d95d86ed","0644b1177e5f4ea5a42f9198ee9cc0cd","QUEUED",""
"47","wmW_OgDwAAmmtI9tlZF8fwUT42066vvw","oNGxt55xaAclev0yutchIJ5WOysQ","200","OK","bf9c01f7d6a84b1bbd00c0ed6aaa9ed7","a1475b865c174b1e8ff517a84548d04c","QUEUED",""
"48","wmW_OgDwAAJVNNxx24gdvXVofZEUhpcg","oNGxt5x-fNok30UpraOYEE02Quqk","200","OK","c4bf9a8e13c0427785a829c521f35122","a646657b930049d49236a6b3989c6c89","QUEUED",""
"49","wmW_OgDwAA1T7Cpj3Y47aKRrYModSP4w","oNGxt50ZN2fnaxsmXVHs5QLu4t5o","200","OK","b29fe4ffdee2420d9cacc5d79fa422b7","52cfe6e59a844dccafe04726fcdf5a7b","QUEUED",""
"50","wmW_OgDwAAIlBg1VUSCwGD6wudv9OIfw","oNGxt5-I4Nj2iHwWJliSbu3ck9-g","200","OK","c952cf0a900d4efba6b8799fcdbde56c","3a738187773342bda9e75a2ab35093b8","QUEUED",""
"51","wmW_OgDwAAkr1qWTv9m508xqzdgkpx3A","oNGxt52kavWzR5M-D9VrlSwRZsHo","200","OK","413845b5be1441d89dba33b4dd1db606","e641907f35a54131953483cc1366ce66","QUEUED",""
"52","wmW_OgDwAAWMsi2ugCcMdFvqx4lMqfzQ","oNGxt5xdmbuz8SYZVSqwakQ7gO8A","200","OK","06b368f25eab40ba80fb598e34b2017d","53aa8f5218cd450fb9a5c3d009630e70","QUEUED",""
"53","wmW_OgDwAAtbOZAZ-zSv5p2SfT7qynLQ","oNGxt56eoGBCaathMvpkiVkiJcD0","200","OK","b251976f8f2a410d8c94611181a33971","2d20dff69cdf450595776ac091f1ebb8","QUEUED",""
"54","wmW_OgDwAAmclzIqJkAii7hlmQRoKp6g","oNGxt50jDJI9SJZUJT-M1j_0ffgw","200","OK","9a57379d58784509870e1929bd8409cc","ebbe2ed7bd004fb892d947b1900d56f0","QUEUED",""
"55","wmW_OgDwAAhwXUJrfk5ivcztLr0OmVUA","oNGxt5-fPaIzt1qaJ0VnaAS7Q88s","200","OK","e95106aeac23489b97cf63884de9c9da","f0333956203e4fdf9e047ef385abc5cc","QUEUED",""
"56","wmW_OgDwAAr6lNrCE060X3hi-Re-QGMw","oNGxt5wcPR94zq54Bq2fdP2ub-FY","200","OK","f9593540e46046edb88c4f7c0f0b5b1d","3256806701ee44cfbda2202f3216556f","QUEUED",""
"57","wmW_OgDwAAJ41_VXppqqFAJ0MzA7J0Eg","oNGxt5-Qj04Og16BbrX-2X_KAV20","200","OK","c2fb56127b654c78a2229f4451b5cae4","4298450b57234a7a88bfe800a5b77254","QUEUED",""
"58","wmW_OgDwAADmEWQKg4aQ9ZUfLAfaEnXw","oNGxt520bQ_yrUc9heyhRwva-puA","200","OK","f831078148aa4a71ad6180924c44e8f2","eca44b0184c840d08da523b01c874748","QUEUED",""
"59","wmW_OgDwAAT0hTNudLb-fUgJdQZNYNyg","oNGxt53XpSMMVKyws3-cTzYDDgqU","200","OK","48117aef71e24a9cb3b1df103ca0e1ed","e8488ad006a847d8970abe5087afb670","QUEUED",""
"60","wmW_OgDwAAYxk3L481jVclpKcQZ2VugQ","oNGxt54cepcU2Z9P-hjP_97woJhs","200","OK","9f5feb3fc5f04a64ab433e48104df560","d2d656b440ba4abb96d01a7f4208a1c3","QUEUED",""
"61","wmW_OgDwAAQOG_RnQMpowhAIBnIqjnSw","oNGxt57AqyaWoKa6JMsOHmsYuh5Y","200","OK","959d4d3f5c4d4d22814911ef7fffda71","fc2c1d155568424281ba97e8b0672d9d","QUEUED",""
"62","wmW_OgDwAAaUshDjj8VDzRNcetN1D4Bg","oNGxt57vMXfYFrSPhbBYUzpJDaaw","200","OK","f2872a42915342039bf7f6b65946c41a","04c7a0b8ecea41e8ad46548c414ebe39","QUEUED",""
"63","wmW_OgDwAAfGA770St-Wjwwd84-CbDgw","oNGxt5ylLORE2-ro3lwb8wIkiy0Q","200","OK","478a249427cb4972b67439f878487522","6107ba23b8b84cce8cd4482244108c9b","QUEUED",""
"64","wmW_OgDwAALJ6k7WmRjxPBCNbwgMAmTg","oNGxt57cFaYOgJTEG3ScE129Sv50","200","OK","e3c360652e364ae7a0a27a194bb152c8","fc209dc38941494faa6c739acd502ab9","QUEUED",""
"65","wmW_OgDwAAg3DdEmdt18hBb4dkevqbfA","oNGxt58bq6iRK_qdejH5CQeFqsBw","200","OK","5043ba6688374305af50d51f630d6d64","15532a1855a94226977c8a141fe4500d","QUEUED",""
"66","wmW_OgDwAAxzgExOZgiblqmFNNYERjew","oNGxt54MIvgpXHINaHaFpdBfrxTo","200","OK","f44d6bc2b56f453881895b5a154e4a6d","886f7a56c438400184b2e200c03cb977","QUEUED",""
"67","wmW_OgDwAA71R8LeXSFT8H73qGt8jMtg","oNGxt59OoMLHhY85mrN1w8aJcmxE","200","OK","09fbfd5124be461ead853b8b0883bcf0","9259370893d242bd9dc4d47725249217","QUEUED",""
"68","wmW_OgDwAAGn8OO7AVQqE6gWxw5pGa1Q","oNGxt5xjnOvQCR_XqbYS3chMjyXg","200","OK","0b50dd042cb74992a8bb707a7eed2fc1","2eb7403bcd51402b87e438f69fddd13a","QUEUED",""
"69","wmW_OgDwAAQlJY36QYTLdHc0ZRviDC1A","oNGxt5z-5DJ7j4x7CJCXMD2dvc_M","200","OK","3104e196794b4724b999fc9f862f557d","554b9fe093f04bdea9de9d15baa27ce2","QUEUED",""
"70","wmW_OgDwAAqLR-xnur1a0pH7_xTbyKzQ","oNGxt5zXcH88LMCIVY0a7-JKWWqo","200","OK","ad1244507d024356bb88bc7b53472a6c","989e9865ac0b40469b08f12e972bffee","QUEUED",""
"71","wmW_OgDwAAlZdUTpnM5A1Nm3xGzPtkvg","oNGxt50qZIDuog8IeZBnl_vxQJ6o","200","OK","a2447922948c45bda631772dc3460b8e","aa48a80c47564c56a2393605941b9a53","QUEUED",""
"72","wmW_OgDwAA1rUJ3HcxP0Jve03V9dhCGA","oNGxt5z_EYKlLl5xcWA9K-CfOI7w","200","OK","4528a8e08f7942fd815a8aa08bdd3b9c","a4a1b09a9f894b118d50a5d7c1f09a31","QUEUED",""
"73","wmW_OgDwAA1hnnoOvjeRhHwlnrE3N_9A","oNGxt5yle4WRVo5_ddCSIomn46aA","200","OK","2beb799b0d3944ad9f98a9c31d2647b4","95088340c9064ff480f2ff853f6b58fe","QUEUED",""
"74","wmW_OgDwAAS7rbGsQFEBPizXnKOmc63w","oNGxt55yZ8IKdBd6zwv-qnitLGBo","200","OK","ac820c0b2f77406b964e3decfb71a932","3ca78ca3220249f2a91cade5ce852b00","QUEUED",""
"75","wmW_OgDwAAUWhVR9xs_3uHowaUIy-4Ug","oNGxt5xHz-yVVNP2mBQCvcZQA3JE","200","OK","99bb57faae7945f7ba1f09651982848f","c2059178c05648df8ccd8ec8527199c8","QUEUED",""
"76","wmW_OgDwAAAfwIO4FmEUGqQ4xhzQ-oqQ","oNGxt58WNnQDZ4mmO3f8XFFj7OX8","200","OK","35e6586544ab4070906c60570345bdae","3c57ae5809a24e9ab036b101bbfd1d8f","QUEUED",""
"77","wmW_OgDwAAX33ZpSjxCKTMFNKIxbJ3Vw","oNGxt556ItclBo4VY8XA0cK1Wb9s","200","OK","f4b483cb449c4a48b62b13a0648e87b5","ce3ac3212c8542df86277355d7a5ec9d","QUEUED",""
"78","wmW_OgDwAAWiTA3G-HGnS8FigXdHX8Bg","oNGxt5xU6CZHh-GOoIDFFZi5Wf6I","200","OK","1981ac5283a84336b482ea04ffe0a1d9","3852d7d06c6b44a69151317d269a3950","QUEUED",""
"79","wmW_OgDwAApWklcCw3nhnUvjl_vYc_Lw","oNGxt5wPqSfLviL7u_dhGo5sROzU","200","OK","52ed760e493b4cce8754a5e774e4d093","b3905c5517394170acf0d58e6531d52f","QUEUED",""
"80","wmW_OgDwAAuOVt9iVwieVwa7LqvDi5Lw","oNGxt52mpbVGygXPQuviWurci_zM","200","OK","c4da0d82aa844385949e952d11d5307d","cb0bd56343d9457082d3fec2fa2463be","QUEUED",""
"81","wmW_OgDwAAuWN7tzaZva4rr98zMj8ehA","oNGxt51eJvn_5zzqcgiyunBoTg8g","200","OK","39823cec8bef4410aeab524a17f29e8d","88bb38113f4942b180d53ec456ab6ed3","QUEUED",""
"82","wmW_OgDwAACzL01UAMGTsLZjcjGowaRg","oNGxt53uO42Gu0ww_-pijMGIeQNs","200","OK","6e88e4c40c1a4d198e46cb3482704372","06a62e85a20146519f7041d869e77a35","QUEUED",""
"83","wmW_OgDwAA_9BiFl7Wi0Dhf2ubWxFYiQ","oNGxt59qRaAoiIGL2Hp7XeEUJA1I","200","OK","f81f3da9605f4d25b9a8317356962b72","5713d43a30594e209598094e9b027528","QUEUED",""
"84","wmW_OgDwAALqg5VRSRohQiI8o6DE5KWA","oNGxt5yjc2tNKpXzXmjil-IuzrAs","200","OK","3cba61ea75114323922c6232a8d3d9ee","fb850eddf4594ffe9f4fdf5de8ca3922","QUEUED",""
"85","wmW_OgDwAAQd2vMuz57cu02pL3XNKhIg","oNGxt58bZxRZKSNPKFPrwh4CzyaY","200","OK","8d9a74477ebc4005b490d6350b51b2fe","8634ccf3f0874abc8f9edcd90d396f4e","QUEUED",""
"86","wmW_OgDwAAjI2xwRL5TbPqf751g-h2Jg","oNGxt57sXqCrLwE5OzAxdI2l_tgc","200","OK","382cdd7558dc4f0fbf7efd2ee9bd917f","0374e03cb7744947bb76e92c98292806","QUEUED",""
"87","wmW_OgDwAAKApDSXP4V43AHFtYh4vz_A","oNGxt50yfzAFg8_JUb--UYef9pVQ","200","OK","2bd2eb6531964c06a0564fbf09bd1841","4f8a32dbfa6047c6ab4465de256320b7","QUEUED",""
"88","wmW_OgDwAAH7cgguDRXGKt01cFBN_D_g","oNGxt53_I-wEb71iIBZu5ghWtsSU","200","OK","2afb75d9bf84492695dbaa76a2c9b1b3","2f9df543a9534b8c88bbbb8f8e3b3703","QUEUED",""
"89","wmW_OgDwAAea2Yhq6519kpPT4A1Zf3aw","oNGxt53RQTKDoPtYTLYaQ5iIJZtI","200","OK","9ff747e4ef0844ef8658204f6965bb1b","6e68917e76a34e2bab8cd7e69a5fdb11","QUEUED",""
"90","wmW_OgDwAAHHRmwrzqhqry7rD73hVK_w","oNGxt5wlZXKCzDEEk04uAWIDgsKM","200","OK","4c330f5da02b4852a45bd9eda9963bc7","cc735e947cec4078bfbc0ac211b04ec2","QUEUED",""
"91","wmW_OgDwAA9TVc8pso3FqQB-q-oJby1g","oNGxt5z-ognR0zfwQUGp17FWZ80Y","200","OK","1d8c30a0c3d241f88939ba3a4de9ed34","5b9fdef80fcb4c928328150ca08668d2","QUEUED",""
"92","wmW_OgDwAAApZ8be7byc1UwP3hHSpkug","oNGxt5540JXOgl2ACjHE0EnBvkck","200","OK","7297d44235734f9d93a9f4887b2fd978","78d37cce2f7d446185564efc6167a028","QUEUED",""
"93","wmW_OgDwAA_0MRVdVypEGL1qLnr3YM8A","oNGxt5xQFiMAr0X5s-qo_lbJhdp8","200","OK","045125175251452aac47cf8d0481a855","de70800ede264f72aa5e7a8a04853975","QUEUED",""
"94","wmW_OgDwAAx3GOnRrEP5kVcgyhOhuZMg","oNGxt519BVyfHoXrlW_zTVIzx4ek","200","OK","6d3ab1e0557b43808d9e324ae51155ce","52ea59ebaad6454c8d23e429ce3f3ff2","QUEUED",""
"95","wmW_OgDwAAZkcx1gtf1j65a7zk9qtUWw","oNGxt5_wLQd1hqSVSsqgzPVXY-7k","200","OK","b0de46f968c94a4484fa505893bc255b","d4707163a3f845ac899e760f70d779dc","QUEUED",""
"96","wmW_OgDwAAUDQLNRLxiAgJU29CJTDYrA","oNGxt56dODZuhdyiSIf3UHmOG9Ak","200","OK","d7916376798547f5869341c80f5e6aa6","58aeefc1433a433bac83c53c81a953f7","QUEUED",""
"97","wmW_OgDwAAE8oJs-JSfo6gmli-kDzApQ","oNGxt5wSleuQCLIHADRwI9VcBNkg","200","OK","e750e696a3a5468b9eb843c7c041f748","1d503476b0894b9c8eae7c1085468cfe","QUEUED",""
"98","wmW_OgDwAATFJcPgfnFiFDjY1ZC2DxVQ","oNGxt5zOLv0fAevt1ELZkK5ndSJ8","200","OK","cfd9bd749c014699af8ec9aed760e489","6c25e92312d84861948629c3b9ac7ab7","QUEUED",""
"99","wmW_OgDwAA9Ab37RS8ANSWGH1yLFwrfw","oNGxt59QhNHs0P0OekCX_U8rTdvQ","200","OK","0514f1fe5b934641ac21dbf938ffdc50","8697c9cda10c4f11bad3a9ae333cc851","QUEUED",""
"100","wmW_OgDwAA4BBUx4Qs5U892w9C4Rpi6A","oNGxt59U1uId1NbyIB-xH-fuR5_I","200","OK","9dbfe62df64f40838a581a9884baf76c","58bfd9f597a04d0297a3fcff6417aaaa","QUEUED",""
"101","wmW_OgDwAA3W1TgY1zPEmJos9Aa5dIlw","oNGxt50lfinuqzRmWg9FbF8h31lE","200","OK","195738230a4449e197b1cabde2c62950","cebe21b1ab104ff4826dfe1d1f0fe090","QUEUED",""
"102","wmW_OgDwAA98frZJk0uZIXoXMegRxjdA","oNGxt54Ud2ZagQTuCiP9LuKCyA8k","200","OK","8467a8ae00d643c1abb38252e93cd32d","bae83c5d260c4a159ea3b84fe18872ef","QUEUED",""
"103","wmW_OgDwAARMhgtFkaD5sZkKSDbKc4YA","oNGxt5_EP1fuhjAH2vBqfCCb8iTM","200","OK","830623db1a594afcb6bdd72413396a12","b9e5deaf3dcc4edd9b3a793cef333358","QUEUED",""
"104","wmW_OgDwAAXqL_VtJFeVZI0GVikoABrg","oNGxt5xdPnD3OgDuZh1QyXznhjNE","200","OK","4c47b19be32344a0886134564204103e","cd0a44671a28479b8fdd592616324dcf","QUEUED",""
"105","wmW_OgDwAAizIIIYjjs3lGxG8WzsNBFw","oNGxt53dm-yOLL_JnbbaO1fQeBkI","200","OK","67dfdec97cb544c28755a71f6ab4a3f7","8af54fa46c2e435188454775b83752fe","QUEUED",""
"106","wmW_OgDwAAWeKCTHEI_htw4YzmppB1HQ","oNGxt50HPfLybK18_4jcx9-hTVWU","200","OK","35381d85212b49e4902ac20d577aef99","1ee140ac932d451b8ff8bb2f231b10aa","QUEUED",""
"107","wmW_OgDwAA_M2fpJrCxuN_MzxqcMqblw","oNGxt57vb3TpEiIiG7qsSbUf30Jw","200","OK","025b8b0afb2a481fba68675bb9ea1f91","89191814fa7a42c99179a5678a3b76dc","QUEUED",""
"108","wmW_OgDwAAErztFy2x2lQLSq780vEqjw","oNGxt52xCeEqQUua9nQV84_Hqtcw","200","OK","97a911c5792445f4b4a03d8cd8167b3b","b0bbf8bfc63d492c97dcf19846f3ac84","QUEUED",""
"109","wmW_OgDwAA732LGjlJw4hl8YN7cMzQ-g","oNGxt59_K1_CqibZQuR_kNv--bjo","200","OK","e9a78436783841bfb61909162cf6ce70","a45ed884e0a4480d9a45b80c5d332d13","QUEUED",""
"110","wmW_OgDwAA3XSmTcDKSPXBJOs4H1FCxQ","oNGxt58mkzIQPHQK3WpopQgRobtQ","200","OK","2949bd78fcc34c898eac2d630b1f4bb9","8fd99ac7562a479dbb0c7c4ebc8219b5","QUEUED",""
"111","wmW_OgDwAAEq0J8ejaNjj7Gj3RtzHTtA","oNGxt59AGSO7nsFAZwl6f-mhTiGI","200","OK","aef7ba0ae04344dfb7a08b0e0d9f4492","b140e619034049f5b3ced13fbb19fd2a","QUEUED",""
"112","wmW_OgDwAATmR7Am8nrpPXAYJfZM9SGg","oNGxt59aWSOyI4KvA_MMwzm7q_7E","200","OK","72d9cf47bf42482d82667b8a99ba438a","6f572b1aad174d52a3cbe25a88661c4d","QUEUED",""
"113","wmW_OgDwAA4w4x7G4CCJQYoibq2y86UA","oNGxt5w_riqqUV4XNXgRcOi6LMlk","200","OK","4d50c3553b084823a7289e34d774d946","5a87df49ada5449db80cf908533ca087","QUEUED",""
"114","wmW_OgDwAALsNzvsBJRVrI43xmEhzg4w","oNGxt55B7HvjiBoybtS37LYko02I","200","OK","96f0cb18bd0645c9ae543babcd2417a9","88a3f3ec69174ba48988b8b73217f6b2","QUEUED",""
"115","wmW_OgDwAAXokA-9in3hhtwq5H_1dM5w","oNGxt5wsa19tvCZ11Oea7O29ttNM","200","OK","8b8d3d2a061742d4923b344b6aacb5ea","9fb501d77203434987c2d9049cd0f2fa","QUEUED",""
"116","wmW_OgDwAA7vWoke1AlVM7t9I2oNpvWQ","oNGxt5zC1TvcdzlzbBmgOhpz1T5E","200","OK","e9adfda1a5bd49a3bd240438ee6ed3d2","6e6b873cea0f42bb82c7da19095ca584","QUEUED",""
"117","wmW_OgDwAA-mGnAZM0OOiAVme4BX1LSw","oNGxt5-ayTgA6GA8eEqrb1B6Jcbo","200","OK","d4051e1d2db4493c866f9494b83a8472","1158c065ad874665885c5af571a0c992","QUEUED",""
"118","wmW_OgDwAARkqWquRklMKbaKvJp-vm5A","oNGxt51ci9MCTyvzgXz5hRrYNhCw","200","OK","1ce18f8bb3f64d269426b223f154a93f","c4b80446b3a841648faaca81a7a3f630","QUEUED",""
"119","wmW_OgDwAALu2tn6KB_FYU4vpZSv5eRw","oNGxt58P193-EJXnpc2gEMScGT44","200","OK","b8f22ba77ad54298b5dd67bc458d61b1","2bd3494591884b26950552153a7c0c0c","QUEUED",""
"120","wmW_OgDwAAutV0-UJazr_9op5oUsQJYQ","oNGxt5_V_qTJA81B73ZglqaBD7RM","200","OK","7a3b13b1ecaa4399b158c2ec25d90ac6","52130fd75c4b416bb4c1b963751fb955","QUEUED",""
"121","wmW_OgDwAA-ReLhcNvgWZUGUjEJSN1nA","oNGxt5xA1QwEfsoiMGTvHTQyU3wU","200","OK","350b60ec277645bd9294af916be41818","66661a39fe3a431abdf64c24b4c35d1a","QUEUED",""
"122","wmW_OgDwAA4cbWX0JqzOR66nRMVcwwPg","oNGxt57Uy8YCcYnSsHzMQIrV1KTE","200","OK","e2602a56594b4aeabfa554b109e2dc16","14e600b2f07c4a1086aaa8af725878ed","QUEUED",""
"123","wmW_OgDwAAW1jxRP8N2nZr0MO6yoRUFQ","oNGxt59B1dKckSvxk9S53zleoxIY","200","OK","b94c1eeae18242f1a667db88ab8bfb20","10031968737b4172876f4a8a61057602","QUEUED",""
"124","wmW_OgDwAAd-6kGmQuQNL2zkeeLtjHzA","oNGxt56GYTQ3NZkB-FgZ7TvN0FFo","200","OK","b2235ed025544675b23a04d5d3336e9f","9d9f0bb1795740028a2a5d687ca0455f","QUEUED",""
"125","wmW_OgDwAAwBKehassM5TiZ0fnchsuLQ","oNGxt5wGQAFUNrRWAo45diB-Dp_c","200","OK","3b85b57184b24cb086df80616e8f0c2d","a8d9140c6f754133ae9906ba0ceeaee5","QUEUED",""
"126","wmW_OgDwAA3vsTW8udMpUVvr1tULNmmQ","oNGxt5zKT0NQivhaT_L8Zb0ejeRI","200","OK","f43f5407a7a745939e0a1dcfb0a17313","02a7cbe11c844584acf5d539efb20969","QUEUED",""
"127","wmW_OgDwAAYhaJLpW2uOsKRuxFc528sg","oNGxt50HAQRm1JVu9kb-d4HDs4Gk","200","OK","f6b01081dca34021946f637304acba13","ce0fc9bb61874fdaa8997bcfa51ab43a","QUEUED",""
"128","wmW_OgDwAAxnV2HD1BbXNMsGI9RVG8ow","oNGxt59e4kbVJ3ONtJbASLzq6ph8","200","OK","eb04e64abc3d44bf84e49d28471a1619","6734d86113ac4de0a11ef2ca395c3d8c","QUEUED",""
"129","wmW_OgDwAAR8YhiqvIWJmlKihKGihuPw","oNGxt5wN6vsOwoqRXJDlS7gJxkPQ","200","OK","8286fc75c3b340ba97cf7aa5bac701bf","a18e32d2b15942de925fc4e1b0fdd8da","QUEUED",""
"130","wmW_OgDwAAnFyrxITzDOk-CVkUSj-N4Q","oNGxt57fuCen658J1S5ZLnCH2-nw","200","OK","c3f8a6c2722d4a4f852c6a27d65941a3","776d436d3b734b1dae64244d1c9a5319","QUEUED",""
"131","wmW_OgDwAAF9_Y06qSceNl6hRuFQ9YrQ","oNGxt58fKUBmGgLlW1HxwR6VlZoA","200","OK","fcf18f9ff54446a884d614984fdccbd0","d2cc9fa4d3cd45eb8f23e857a86b0326","QUEUED",""
"132","wmW_OgDwAAEMQKdP3AY5NC6ABaMYLMtw","oNGxt54RH6iSV8jgv0RB0qLjeDeg","200","OK","67002401dadc4f19953cebad2d5dd3ac","dd998e1a82954e1897f149f148044623","QUEUED",""
"133","wmW_OgDwAASTS7_1gDhqZQVDlu_Ud0Xg","oNGxt52U6idZD88Qfc1zSyPloEIw","200","OK","53ffae69666a4d099bd6ea32f00dc044","b88aa1499994490e89bf3559a7a5826c","QUEUED",""
"134","wmW_OgDwAAqG0IKPxBOxuBzi-sWp8FPg","oNGxt55gLYqn1qdvgg__SWpF_En4","200","OK","754ca6a4fe9544d8bb2ad673743c60c9","64bbb1a38294464391b7b882baf2b979","QUEUED",""
"135","wmW_OgDwAAeJAsfGrG8JFPn2yLMfcdEg","oNGxt5xbABVf5jVX1QMsozzrj9Fo","200","OK","507a3e2a4ece4ac1b2f4cd60088d028f","3ba45c17a0704c81bb0ea024196596dd","QUEUED",""
"136","wmW_OgDwAA-4_4gbu92NQq548Rw3pUhg","oNGxt5411fEusc3E8UCi30nJ4YKQ","200","OK","6e8ed384261d45cdbd5483cbbf788bc5","1c9a49b7e5694722a02d2ac1df4f48d2","QUEUED",""
"137","wmW_OgDwAAEH6xl9uzs1qYq8DV4J4GDA","oNGxt5xOifriS3-gq9Bek_P9e630","200","OK","f70d8d1e7ed24685b451692b657daa0f","bf579211468941f992513b3fd5986eb1","QUEUED",""
"138","wmW_OgDwAASC2OJuMK2CSfmTtz2lhcgg","oNGxt50beTkqS7TF-Q8-IbRyohic","200","OK","cecf3a191f224ce3ae06da926c8e738b","b9d81f05918d4244ad6c270d05023873","QUEUED",""
"139","wmW_OgDwAArndAIXZcI8W08-u8ajoxLw","oNGxt5z2CJ_CFQDnE0D3pP_YUEzU","200","OK","144e24d73ade442f8e323f0371873c19","f3960b53a686425a9f2ca6a2b56f6af2","QUEUED",""
"140","wmW_OgDwAA5ee4rkW1hS1pQiKpsO6auA","oNGxt5294wJlGNDXiaLMNMaTLRjE","200","OK","bf803199900646aca81c7a22f608d25c","43bb9abb4a23403bafb5d699953d78c8","QUEUED",""
"141","wmW_OgDwAA4uDgjiMOarjoC1oHRDNN0w","oNGxt54GduTTiqwwuNXsgrk_9DQw","200","OK","9f3c830ec52e491b8a2a3c1895f6f642","8ed162acb9f449c88f093e28bd60760e","QUEUED",""
"142","wmW_OgDwAABPGqw54Qny8fUF671WcwWw","oNGxt5w0r8bsnBJQ5r0HzggEww9o","200","OK","394d91e59ce74e0ca17b8539b7be2170","e9fdd1e3865641e89c7e5c0a6f76bc77","QUEUED",""
"143","wmW_OgDwAAT6aWmiD1ck7DnpCcVMl9Ug","oNGxt5wUac43vSgWUSfyQhIIemPM","200","OK","2dfc8bfcdbec47e6af1b41a757894406","f1ae36b19eee4ca2abaf5e9cbb3f2c75","QUEUED",""
"144","wmW_OgDwAA3maYarA45x_CshVICFyLRw","oNGxt58nPyXGzoAuEA_s4eVl2M-0","200","OK","be70c1ae42a6463ebf1c0003ef770897","c8f8ab72a9aa483392a75c5ed94eb339","QUEUED",""
"145","wmW_OgDwAAqeJDlcqRt8YiBTeJVJryPQ","oNGxt55O1_IYs3OZicz3qx_Gg2PU","200","OK","4df75d33a8144f4a803cb6cc3998cf6d","d4549a284ef0474b8e40d911e4d4f6d8","QUEUED",""
"146","wmW_OgDwAAI3eW2hFbVFg-Msr6cj10YA","oNGxt59fIrg6v3cPmz4GdTaXTLDw","200","OK","6f3dbb211fd6404c9be9ec6f20f74f7b","c1b6df7ce19d42cbb3781c9e19baf458","QUEUED",""
"147","wmW_OgDwAAu93cSvpcs-92FIntHn3j6w","oNGxt59qbi2hmfQvpJlgpZRnF5kA","200","OK","b0f6cd465b8443109021301f6f2e2580","8253c1c2593d40c9b95f642bd18e234c","QUEUED",""
"148","wmW_OgDwAAo-RE_jJ8ud158VnhBcmJgg","oNGxt55YW_9d9WkV4QmU2bOIIgkk","200","OK","13c902dee84d4fe5b69a9138ad0d8b2e","81a9bdf778614ab9b3cf5e00c19420d1","QUEUED",""
"149","wmW_OgDwAA-jjBft6qzWELsqlaTE9drQ","oNGxt51D8wnEDMk6Yd3TIP3yrIhI","200","OK","40181242a1a74d2283473c7400373bf9","45f1ae7740b24fe3b178b1321383131c","QUEUED",""
"150","wmW_OgDwAAZqBSA2pdaBJkv8jE7BN9gw","oNGxt583ilB4Txt-AauhCPs32KPk","200","OK","14659ef6295048109366d719856bdca6","46405722bf174de491d75700deaef39b","QUEUED",""
"151","wmW_OgDwAA61nx2Nfbx2tjxzSfGJvwuA","oNGxt5yqozY_9A3Z5syMACu0MLrw","200","OK","5e717bf7a55d46098a2c98079996ed0c","e053d922679d4e3bb4bf55d810c91fbb","QUEUED",""
"152","wmW_OgDwAA28svaAPbactoNf6TWRz5YQ","oNGxt5ykptd4I22T7cZYr7oWHLBQ","200","OK","2883dab8428849c2a579e70e2a8959e8","7e8a6114b4284946b394fa8573cbf8b4","QUEUED",""
"153","wmW_OgDwAAH22usqc-uM-QYE_oJTqyHQ","oNGxt5wjV_Ezc6ObTsvc0urp5hgE","200","OK","c27a323b139446da99147049e75784cc","f5a78ef8f1304cb8845a53818cfbe848","QUEUED",""
"154","wmW_OgDwAALa490RZmB7EOot0r1Cew-g","oNGxt53VZEgw-KCYfPnNA4MmJydA","200","OK","1b0fd92fc0984eeca6f862c7bb9ed046","8f1c75a50a6741ba8d9626600ba85362","QUEUED",""
"155","wmW_OgDwAATjwc_1wAJNCq6TKGUg5prw","oNGxt5553w-LdDeauQ90M9fTOCbA","200","OK","7b934f4be9c44906b1b5f33ca0ae56e1","8a18d4ff13414f00ba25937fe196fea3","QUEUED",""
"156","wmW_OgDwAA-OlI5DTE0K90LDSFnxI-EQ","oNGxt574PBhf4_3ZzVQsZ3wMg8R8","200","OK","f5df739d5ed3492a9f9f482b2066f0f0","db403dcfbe7b4adcb04ae1f7f7cec428","QUEUED",""
"157","wmW_OgDwAA3U0AEvJjn2R6XUWlhC09aQ","oNGxt5zY5vNUzkt0D_sxeIcm1cvc","200","OK","3535256a04a84cd58d7d4039dbe3f130","cb37e1612b2c4a5eaf77342cb7af0c19","QUEUED",""
"158","wmW_OgDwAAp9jM_YbSS1cQ3AsWvGkAjQ","oNGxt58E6A4ZYagFtqDb2QYsJaPM","200","OK","963db40bbc384fc6bc3280d7288c8f29","4de3a625e793458e8675c8abb4eccee9","QUEUED",""
"159","wmW_OgDwAAo9yh-jF1tjTwKoYvA8Euwg","oNGxt57KTGXrpxectrFMEH42gI1g","200","OK","ece71a170bdc4c22a77a9314c4705787","e2a81e097b8747d7b436eee0622b4843","QUEUED",""
"160","wmW_OgDwAAyRVE2DZecSAUt9oER7zLUQ","oNGxt5wC4FdNBx_KthqYx-Wf1MAg","200","OK","77d5438d611d46d1a2a6e35690b48561","270f5038e8134f37af2e638e5e0b9dfa","QUEUED",""
"161","wmW_OgDwAAf8K-4rkEix43MWzymX3C7Q","oNGxt5_Hd9IavlJBuVeFf_gLGE04","200","OK","7bb00e9ff1be4bd1be129de0285dfbb4","47c10c8f6a6f416497649e150947a2d6","QUEUED",""
"162","wmW_OgDwAASu80kA-zKR2ECwf7MvFoOA","oNGxt5xCg03X3tBWiZaK7SXOOpn8","200","OK","9f6183482406426d9e4beedfaa01262a","195b9d582f914f32b4db233de009702f","QUEUED",""
"163","wmW_OgDwAAYCZjLZjJdOnbBqHB2zNAkQ","oNGxt5_5L0MTAcxlXdh9Hfc0atfU","200","OK","e06b247c606348d9b4bb6f02008746fd","6fa01a83147a45968ff270d51d928b0e","QUEUED",""
"164","wmW_OgDwAAzOmW5PmKvX5rEAR_Qd_72A","oNGxt56lTOGgON15Ec9B8TB2I6a0","200","OK","5b8c6d50d7b446d4998e998b57482587","7b1ee022c2244d3288b04e81078aa1e0","QUEUED",""
"165","wmW_OgDwAABYpbljRTSkBTNXjPJIQTqQ","oNGxt51FSQGNsjkVGexG-FwEAFHs","200","OK","069589cef91b4036ab7d61cfbaf0d0e7","b835a0d570304f1fbdb97b80c8e2b94e","QUEUED",""
"166","wmW_OgDwAAULVbwqg_ApgHHp4TO5_ORQ","oNGxt5zS76p1jW4XYOEUtoIXToLo","200","OK","7ad7b8fb34a243508985db9f491c20db","b02531c1c37c448fbfb948e7a0cce2cd","QUEUED",""
"167","wmW_OgDwAAPLWDjd1DZmOinMEA0eN6HA","oNGxt5-taZD2SW7w8cwKwHI4ZfIY","200","OK","61e7a647c9f1461693593d23e4c9cb8c","0b41ef5898a34679b8da6ebc5b03b9c3","QUEUED",""
"168","wmW_OgDwAAIdwjDY6N1SBYXqAyNOia6A","oNGxt565bUHO_Q4hrxRTB4VCjkyY","200","OK","408695a71dd146cb8613e7e340bb3b1b","ed96c133e0f444469edaa1b82e12a1ba","QUEUED",""
"169","wmW_OgDwAA-uWGGlgs-_tCXN3FSrbITA","oNGxt50LBFZug3VI-nNoFTmZ4YnE","200","OK","c883a717ceb24e5099608cacdba1d4d9","0899a40858484b6aa80dfb1701e91677","QUEUED",""
"170","wmW_OgDwAA5AMTr7TUm-2lSzna9CdDlA","oNGxt59okAFPuAQSb6qd3GYr3eB4","200","OK","a43f6f720d3e4e028222460a50241b76","c29a78d958a24516bd2eb1a3188dea8e","OTS_UPDATED",""
"171","wmW_OgDwAAm26CWIDP0ZzcNdLnynesXw","oNGxt53fzbdlZ1HGyFodo8_ZD-zo","200","OK","0cab423847ff4ab0965138df080bb68f","35790466715043c1a9df59f6534a4afa","QUEUED",""
"172","wmW_OgDwAAosm7UAugKBF-PcITAvPsGA","oNGxt59WtAaym1INSiBxML1XFxjk","200","OK","13c6dfa15c324d1a804e1f11d32d0f30","a84882c8f7d24502bf743f3ef073d933","QUEUED",""
"173","wmW_OgDwAAwpfYY5iidPFBGwaFJA_ASA","oNGxt58hqvJzVzmmOaP2jBtoxKsM","200","OK","88609da71cb1444f8b35a76228419c58","1a0852c72d6d42b9b88e93a0e9dbfb02","QUEUED",""
"174","wmW_OgDwAA-dh6NimuYmKBryFoSnXI4w","oNGxt5_6VtqP7NrzbjnQJ8R-u-dw","200","OK","30a757cbc5514aa09f65db273c7548b9","9688a31e98bc47dfae6bdb4aaf671c0f","QUEUED",""
"175","wmW_OgDwAANKfs-2rJl_xBi7t1AJ2w-w","oNGxt5xPXILKCwjZZDcCWD0_P_io","200","OK","8b6faabab8a44519883d3b4e4b44b5cc","55a15fc2b1c44fb0806cfbc320a55386","QUEUED",""
"176","wmW_OgDwAAn6_gMCLh3CrjB7AHvuFihQ","oNGxt585zralzQXq4YV7CAFstJoc","200","OK","12b4f3edb04d4113be9936ea757a3fae","ea8e63dbc91041f185185db18c0bf63f","QUEUED",""
"177","wmW_OgDwAAbG77rstn1qhBn0ulPsr1Qw","oNGxt55ReJEAffrkM9N5iboWBV_k","200","OK","739540d60f8b40949972ae04e4c313c6","351dc19f9ce740538930f3000aad85da","QUEUED",""
"178","wmW_OgDwAAxIUDYgN1X966kDFTYrUj9Q","oNGxt51SHmluUJujJkmXbga1CthU","200","OK","aff308597bfb4f41b7e4defc9156b23e","6bb9d0feb9fe4806b1b5ad5727b7ccdf","QUEUED",""
"179","wmW_OgDwAAIvI20DcHOY3BCJv7S8eNdw","oNGxt52Y3ak6YpbnydUti-5DrGiQ","200","OK","64ec9d57e48b468d81f72606e274147e","0aad48d6f5d145bbb6f32b2702c2e420","QUEUED",""
"180","wmW_OgDwAA4NY9So83xMgFN0C_6eHTTA","oNGxt55yOvhfS-mFN1WmU51IKxL0","200","OK","36f64a0c1455472eb0b6c64310b75bf0","352d6764a82a47328de3ca381075772b","QUEUED",""
"181","wmW_OgDwAAvPQf8X6VaQ70vmgRrzJodQ","oNGxt52_vhB1lt3V_6U4iandpVaU","200","OK","19f87f32032c417db12dde14320d8f24","db1510e3f7644dddb353558ccb543baf","QUEUED",""
"182","wmW_OgDwAAA4Aoi9OCdvTGJPjeVWLS9A","oNGxt52rYWmh21V_Q5wweirkxs1s","200","OK","e588e15aa20e4ad3b7d97b7cae5c71f8","3c5e9885764943be93634e7d635c8a1e","QUEUED",""
"183","wmW_OgDwAAcJDbKz7g6R6KPahCXnz7mw","oNGxt50B6AxXBwjI_jv7nVC2yfMc","200","OK","45d8a6be5a294047ab2aaca4a20aab49","20b4d122dd7146569f732c37a025455e","QUEUED",""
"184","wmW_OgDwAA2lC3l3A8KYgwupuJ7OWuQA","oNGxt567X4RaTP4FHdhhvtDjx9-8","200","OK","3432f06e8500419484673a831967c4fc","a997364e077545fca821f4b8686b3561","QUEUED",""
"185","wmW_OgDwAAK-7yY5vMCzIygMta1VSAFw","oNGxt57KXnvdJhdGO6vq7IfA3PDY","200","OK","7bf4dec6eb1543528793f409e5e6bf00","2641635ad4c64014a5eb14edf23b4223","QUEUED",""
"186","wmW_OgDwAAsVRd_Zm-MYu3rs-BYB-oaA","oNGxt5wvzh5fhX2dzQaDS8tfgBqU","200","OK","65ac28f90924440c805d96cb4869892f","9ac50a9455a84f41bb192c4bc975b214","QUEUED",""
"187","wmW_OgDwAA9ql4JK72urCrLiu_qQy9xQ","oNGxt56rr4u_bskSRTwsn1BQ-8yU","200","OK","01acaab05a93428ebd83de24086bcc44","a7a84fd335b64e0a811acf73ae3a9f2c","QUEUED",""
"188","wmW_OgDwAAJiDHvnRr6wNTTuVb2oI6Tw","oNGxt563wPekPQxo6nDSwtXrZLTU","200","OK","ce6662ff7f104ff99a4f7ac4851f786a","8b50fafdf2da4c94ab753993de43b561","QUEUED",""
"189","wmW_OgDwAAgURIVheuRgtI7wqU-dhmrQ","oNGxt53RzcfFuyWUXGi8Ek2U4A6A","200","OK","3bddcf330c99465595f4386d7ff0681a","2538e45ca50f42b98e5dca75df424dc7","QUEUED",""
"190","wmW_OgDwAAx_1JxoUBK82s7yabFkTfwQ","oNGxt5z-OOkYb3Df-SBa9V1E1lyo","200","OK","b0ad04cdf7d547a5aee0e05db4a715a4","5ce6eedbbe8449179e909552906e9cd2","QUEUED",""
"191","wmW_OgDwAATFkqJtYGYkJG3HDMpTozNQ","oNGxt57PofQzmYw0NLSKLK4MrjG0","200","OK","2665d157f6c84c56ab9a3f8a8c51d98a","0366432b8e8d429bb349a923a3a5cdf3","QUEUED",""
"192","wmW_OgDwAAsyJRYmnfiE2KJ2no5ElVOg","oNGxt59Z00_bigZ_-0uEndIxV5UM","200","OK","19233ccf5bde41f3a66fd7144c0553d8","2ef31e162f85481b88aa50cda6f3a26b","QUEUED",""
"193","wmW_OgDwAAzBtiQ2SZd3dennX2_YK5Rg","oNGxt5w_eT1Ar5bESyDwtSzk_EoY","200","OK","18323bed0062423d9e2357c2d5d89fda","99f9600e93844b99910e558da365a79f","QUEUED",""
"194","wmW_OgDwAAnZh0mJ2hM2rckyVVbec-NQ","oNGxt5y4ggrIc39fbk8mI5NWSA38","200","OK","03b2f9b0e4d247db8c7ef9c0deb8f5c3","9b2850b0a397491ab30f9f59aea03a3d","QUEUED",""
"195","wmW_OgDwAAqq9WixxmYTNsCrtP69ybug","oNGxt54poUaDdTmBTebsVYqS-1cs","200","OK","236061d0b07d4bcc9de98d6fc9ba36aa","351d7369efe540f583e6c16d33b52cc1","QUEUED",""
"196","wmW_OgDwAA6XEJUDPyxUCWfQ1sMPEMwg","oNGxt55R9e9xEwxsHrk1KUA2Bc4A","200","OK","5269b62a47fb4c58a4db4c149b8517ae","40f298ddb36a46f6b4b7c1d1b83b2ca2","QUEUED",""
"197","wmW_OgDwAAOu0F-s-Dcsopt8wW0WH7tg","oNGxt59p5grTOF5tAQgKSPABBbv0","200","OK","711c6ac21e9f46fbaed561bc7941dfed","f286f5a5e90d4291b6c428fa729fb22f","QUEUED",""
"198","wmW_OgDwAAJK_R-a4Em3Ib-5Xpmt6tbw","oNGxt52DT7WJ0pGBHzxnuLoC5d4s","200","OK","c771013d081d47deb78015853c5e8ccb","929a399a3aae4534ada7e7043ac72607","QUEUED",""
"199","wmW_OgDwAA_4vxM_JjNihiDofuRkWWbQ","oNGxt5_7MFjdbXHsVewnx8X-JThI","200","OK","5ed8f80944d1428d84b0b101c4acd81f","86ca8fd12d8a4a0c9fdd52d3dbb2b52a","QUEUED",""
"200","wmW_OgDwAAIQs_nZUSXoBYpcDuxHbSTQ","oNGxt52WZNwnC7vqEws8N9ebus1s","200","OK","f01efa6a16c749f1a723a31cd421e103","e34b774082034d0d971fb5d39e7757ac","QUEUED",""
"201","wmW_OgDwAA4_XwDeGc0zYyszV3ShlIsg","oNGxt56ILUKxLWttSQsQUFp3tBfM","200","OK","5da919f31ff44bf7aec16e0a0c70431d","e2d436dc205d4e1ea681cc1904236e2b","QUEUED",""
"202","wmW_OgDwAAMIyPZx8Q72oUrGa_LeItMQ","oNGxt5_53i-R7TVGqyCvlmYn6qbI","200","OK","fd854fe58f4a4e8ab0eb89f1c0648a2d","0cae9de2d80a4782bb77bb224bda6c9b","QUEUED",""
"203","wmW_OgDwAAohA2YhlcJAh2l9rB0ut9pA","oNGxt5wVBe8l-1W4yROWd-U93UDE","200","OK","2416e61076aa4436bb7fb75b5a7616f5","b5c18a5fbc784bb182beaf384b4564db","QUEUED",""
"204","wmW_OgDwAAe4BdknpqDYdv-KCVw79JJg","oNGxt5zT_R4XNH6KpPmZ3J2RPLKA","200","OK","964f399eed18462e8ed495927f68c38f","915d45e71c6640d8ace0b4ae88e3e3f1","QUEUED",""
"205","wmW_OgDwAAS_7GtEInduX3EvpDd2zjtw","oNGxt545pSWUao8wldxqCTrYXEbs","200","OK","49cd304718c048979e23161d06757a6d","0a3db5519efa4c6e953ed62630d727e5","QUEUED",""
"206","wmW_OgDwAAn4EEWSLQCd6dEZzWiibfoA","oNGxt5wcC93TPYIE8aI-wA9w9kf8","200","OK","baa12ede2d774a85a69ec97ba7304a7c","8d415585e33845d687045e03854e26bf","QUEUED",""
"207","wmW_OgDwAAEdq6ndaeLVI_pA1LP5P3aA","oNGxt5xaOY_2kf50mkK_OUOgut94","200","OK","f49aa97f44b3478197202ec075a51ccb","c552ecf5dc3a48d2bd15f091b6ccfc9a","QUEUED",""
"208","wmW_OgDwAAt0qZLsYQk04BaXIvFPARQg","oNGxt50-vXT26d94U0U2-Gim5NbY","200","OK","c3da5cb5e1624bd995b005fcdac77058","5b7b8ba41aa5461f92c47868f0656217","QUEUED",""
"209","wmW_OgDwAAIwRrIG5HOSDg20x4T6FbNw","oNGxt57xBj20SfeJo4N_RX10rx5c","200","OK","bcc517d834af4731b25b94e7b70a9369","b7e794d2aa2a4178aaa13a5a3319d375","QUEUED",""
"210","wmW_OgDwAA6q7S5Oxh207k8-cb36Uqiw","oNGxt5xwxSPhtuB_2ScSyaEwcuc0","200","OK","2f79c931dd4b492c8f337bf904ee7b29","d9084efa4b0e45deacc90b87c2096b6e","QUEUED",""
